model,top1,multi_label_acc,param_count,type1,type2,img_size,time,spearman,spearman_std
beit_base_patch16_224.in22k_ft_in22k_in1k,85.212,0.9417,86.53,selfsup,none,224,3338.618742,0.025531051,0.177143087
beit_base_patch16_384.in22k_ft_in22k_in1k,86.8,0.9545,86.74,selfsup,none,384,7911.40217,0.053614175,0.161363884
beit_large_patch16_224.in22k_ft_in22k_in1k,87.478,0.9604,304.43,selfsup,none,224,4889.827562,-0.054038492,0.176809977
beit_large_patch16_384.in22k_ft_in22k_in1k,88.402,0.9671,305,selfsup,none,384,15092.66918,-0.010265147,0.236634929
beit_large_patch16_512.in22k_ft_in22k_in1k,88.596,0.9681,305.67,selfsup,none,512,23251.13314,0.005203216,0.228685214
beitv2_base_patch16_224.in1k_ft_in1k,85.594,0.944,86.53,selfsup,none,224,3327.534871,-0.081822022,0.203685317
beitv2_base_patch16_224.in1k_ft_in22k_in1k,86.474,0.952,86.53,selfsup,none,224,3325.604223,-0.082720468,0.205399955
beitv2_large_patch16_224.in1k_ft_in1k,87.412,0.9576,304.43,selfsup,none,224,6545.710315,-0.164318776,0.286383802
beitv2_large_patch16_224.in1k_ft_in22k_in1k,88.394,0.966,304.43,selfsup,none,224,6553.636875,-0.150795053,0.273159229
caformer_m36.sail_in1k,85.232,0.9403,56.2,hybrid,none,224,5333.478603,-0.090967543,0.078425869
caformer_m36.sail_in22k_ft_in1k,86.594,0.952,56.2,hybrid,big_data,224,5372.713708,-0.012704194,0.075000122
caformer_s18.sail_in1k,83.656,0.9267,26.34,hybrid,none,224,3343.65354,-0.008556846,0.079258282
caformer_s18.sail_in22k_ft_in1k,84.076,0.9305,26.34,hybrid,big_data,224,3355.163341,0.186010446,0.078335807
caformer_s36.sail_in1k,84.508,0.933,39.3,hybrid,none,224,4085.945554,-0.095727622,0.079844062
caformer_s36.sail_in22k_ft_in1k,85.792,0.9454,39.3,hybrid,big_data,224,4201.379098,0.018129619,0.077599154
cait_s24_224.fb_dist_in1k,83.442,0.9223,46.92,vit,none,224,3654.219926,-0.060846179,0.075367186
cait_xxs24_224.fb_dist_in1k,78.384,0.8743,11.96,vit,none,224,3104.108526,0.010807549,0.077144681
cait_xxs36_224.fb_dist_in1k,79.746,0.8888,17.3,vit,none,224,3518.543099,-0.023340745,0.076682846
coat_lite_medium.in1k,83.6,0.9248,44.57,hybrid,none,224,4574.625133,0.073847034,0.08104918
coat_lite_mini.in1k,79.102,0.8809,11.01,hybrid,none,224,2916.610617,0.059282956,0.078783557
coat_lite_small.in1k,82.314,0.9118,19.84,hybrid,none,224,3353.827728,-0.043776555,0.075923333
coat_lite_tiny.in1k,77.52,0.8658,5.72,hybrid,none,224,2913.171114,0.169201294,0.082800694
coat_mini.in1k,81.27,0.9034,10.34,hybrid,none,224,4381.155059,0.07263475,0.076348766
coat_small.in1k,82.362,0.9134,21.69,hybrid,none,224,4963.660939,-0.038560034,0.080120145
coat_tiny.in1k,78.426,0.8749,5.5,hybrid,none,224,3921.997285,0.162875402,0.080982359
coatnet_0_rw_224.sw_in1k,82.39,0.912,27.44,hybrid,none,224,2477.329585,0.055841775,0.074232543
coatnet_1_rw_224.sw_in1k,83.596,0.9249,41.72,hybrid,none,224,1987.642365,-0.053451348,0.076105926
coatnet_bn_0_rw_224.sw_in1k,82.4,0.9139,27.44,hybrid,none,224,1536.532984,0.157049031,0.065698476
coatnet_nano_rw_224.sw_in1k,81.698,0.907,15.14,hybrid,none,224,1431.18094,-0.017012359,0.077302898
coatnet_rmlp_1_rw_224.sw_in1k,83.362,0.9223,41.69,hybrid,none,224,1574.244547,-0.044903597,0.07380019
coatnet_rmlp_1_rw2_224.sw_in12k_ft_in1k,84.91,0.939,41.72,hybrid,big_data,224,1633.762926,-0.062395442,0.067182028
coatnet_rmlp_2_rw_224.sw_in1k,84.606,0.9333,73.88,hybrid,none,224,1779.830946,-0.159889385,0.077024323
coatnet_rmlp_nano_rw_224.sw_in1k,82.05,0.9114,15.15,hybrid,none,224,1421.45344,0.008166627,0.071700942
convit_base.fb_in1k,82.29,0.9132,86.54,hybrid,none,224,2484.373482,0.013705061,0.072602563
convit_small.fb_in1k,81.42,0.904,27.78,hybrid,none,224,1518.54831,0.015918601,0.075399195
convit_tiny.fb_in1k,73.112,0.8177,5.71,hybrid,none,224,1439.658815,0.047376356,0.07497351
convmixer_1024_20_ks9_p14.in1k,76.936,0.8592,24.38,cnn,none,224,3172.624897,-0.020443739,0.075090208
convmixer_1536_20.in1k,81.362,0.9061,51.63,cnn,none,224,7822.153942,0.126400891,0.112799966
convmixer_768_32.in1k,80.168,0.8939,21.11,cnn,none,224,5271.25545,0.151861203,0.110685523
convnext_base.fb_in22k_ft_in1k,86.274,0.9456,88.59,cnn,big_data,224,2275.054741,0.184074618,0.110293403
convnext_base.fb_in22k_ft_in1k_384,86.796,0.9556,88.59,cnn,big_data,384,5757.947181,0.180940773,0.110354888
convnext_large.fb_in22k_ft_in1k,87.026,0.9527,197.77,cnn,big_data,224,2804.714715,0.170139742,0.101010719
convnext_large.fb_in22k_ft_in1k_384,87.472,0.9598,197.77,cnn,big_data,384,7170.339359,0.16966079,0.101234221
convnext_small.in12k_ft_in1k_384,86.182,0.9482,50.22,cnn,none,384,5100.653703,0.106446438,0.112661656
convnextv2_base.fcmae_ft_in22k_in1k,86.998,0.9513,88.72,selfsup,none,224,6034.690796,0.059618356,0.103518156
convnextv2_base.fcmae_ft_in22k_in1k_384,87.644,0.9598,88.72,selfsup,none,384,16505.03707,0.050836977,0.14385415
convnextv2_large.fcmae_ft_in1k,86.118,0.9452,197.96,selfsup,none,224,9477.048387,-0.046052207,0.160968936
convnextv2_large.fcmae_ft_in22k_in1k,87.484,0.9565,197.96,selfsup,none,224,9294.728508,0.002559378,0.142850648
convnextv2_large.fcmae_ft_in22k_in1k_384,88.198,0.9633,197.96,selfsup,none,384,24720.68573,0.009479426,0.202915219
crossvit_9_240.in1k,73.958,0.8236,8.55,vit,none,240,2941.246495,0.17017329,0.100134319
crossvit_tiny_240.in1k,73.336,0.8193,7.01,vit,none,240,2858.503793,0.146514956,0.100634635
davit_base.msft_in1k,84.642,0.9362,87.95,vit,none,224,5114.366086,-0.022896453,0.10392361
davit_small.msft_in1k,84.252,0.9336,49.75,vit,none,224,4451.905526,0.02292037,0.104529172
davit_tiny.msft_in1k,82.696,0.9162,28.36,vit,none,224,3622.110807,0.136473025,0.104203983
deit_base_distilled_patch16_224.fb_in1k,83.386,0.924,87.34,vit,none,224,3494.766016,0.141513407,0.09910788
deit_base_patch16_224.fb_in1k,81.992,0.9107,86.57,vit,none,224,3472.622668,-0.019809976,0.093893771
deit_small_distilled_patch16_224.fb_in1k,81.218,0.9002,22.44,vit,none,224,2864.528682,0.17412011,0.103202859
deit_small_patch16_224.fb_in1k,79.844,0.8876,22.05,vit,none,224,2850.954228,0.018580475,0.0973477
deit_tiny_distilled_patch16_224.fb_in1k,74.5,0.8342,5.91,vit,none,224,2708.361686,0.185790487,0.102918537
deit_tiny_patch16_224.fb_in1k,72.172,0.8083,5.72,vit,none,224,2672.236163,0.09394684,0.096689324
deit3_base_patch16_224.fb_in1k,83.786,0.9265,86.59,vit,none,224,1758.208641,0.056581552,0.074456523
deit3_base_patch16_224.fb_in22k_ft_in1k,85.7,0.9461,86.59,vit,big_data,224,1782.589293,0.105005122,0.078314478
deit3_medium_patch16_224.fb_in1k,83.086,0.9197,38.85,vit,none,224,1564.633327,0.045717133,0.074239426
deit3_medium_patch16_224.fb_in22k_ft_in1k,84.552,0.9355,38.85,vit,big_data,224,1616.415496,0.05651188,0.078725598
deit3_small_patch16_224.fb_in1k,81.37,0.9033,22.06,vit,none,224,1463.896821,0.100242239,0.076042297
deit3_small_patch16_224.fb_in22k_ft_in1k,83.074,0.9216,22.06,vit,big_data,224,1509.335631,0.132667975,0.079721941
densenet121.tv_in1k,74.764,0.8362,7.98,cnn,none,224,1543.293123,0.28638082,0.071534808
densenet161.tv_in1k,77.358,0.8663,28.68,cnn,none,224,1711.604194,0.299963066,0.07199418
densenet169.tv_in1k,75.9,0.8507,14.15,cnn,none,224,1597.082274,0.263820885,0.072402657
densenet201.tv_in1k,77.286,0.8631,20.01,cnn,none,224,1634.603187,0.31478374,0.069716917
dla102.in1k,78.022,0.8728,33.27,cnn,none,224,1813.391057,0.311623582,0.085730486
dla169.in1k,78.708,0.8787,53.39,cnn,none,224,2026.588,0.321496991,0.091082846
dla34.in1k,74.638,0.8389,15.74,cnn,none,224,1679.806398,0.33475994,0.09165315
dla46_c.in1k,64.872,0.7264,1.3,cnn,none,224,1642.705409,0.32977376,0.090812891
dla60.in1k,77.046,0.8627,22.04,cnn,none,224,1700.942134,0.33022443,0.093054507
dpn107.mx_in1k,80.168,0.8943,86.92,cnn,none,224,2462.382683,0.403062973,0.096809083
dpn131.mx_in1k,79.814,0.8901,79.25,cnn,none,224,2378.976693,0.4027139,0.097331443
dpn68.mx_in1k,76.346,0.8526,12.61,cnn,none,224,1835.668649,0.211942401,0.061204582
dpn68b.mx_in1k,77.518,0.8653,12.61,cnn,none,224,1833.104372,0.227664772,0.061850131
dpn92.mx_in1k,80.038,0.8908,37.67,cnn,none,224,2031.149055,0.361410739,0.097371638
dpn98.mx_in1k,79.67,0.8864,61.57,cnn,none,224,2174.800346,0.403618244,0.096612828
edgenext_xx_small.in1k,71.878,0.7945,1.33,cnn,none,256,4135.318361,0.269313594,0.100142511
efficientformer_l1.snap_dist_in1k,80.498,0.8943,12.29,vit,none,224,1797.211903,0.258624196,0.095006259
efficientformer_l3.snap_dist_in1k,82.55,0.9156,31.41,vit,none,224,1916.421247,0.152425218,0.104852457
efficientformer_l7.snap_dist_in1k,83.382,0.9231,82.23,vit,none,224,2071.174329,0.081335475,0.104837089
efficientformerv2_l.snap_dist_in1k,83.632,0.9285,26.32,vit,none,224,2033.956864,0.063177047,0.106151798
efficientformerv2_s0.snap_dist_in1k,76.118,0.8489,3.6,vit,none,224,1830.367891,0.247446852,0.106252201
efficientformerv2_s1.snap_dist_in1k,79.688,0.8873,6.19,vit,none,224,1877.942652,0.205006455,0.109515438
efficientformerv2_s2.snap_dist_in1k,82.166,0.9128,12.71,vit,none,224,1918.218122,0.104397119,0.10582461
efficientnet_b0.ra_in1k,77.694,0.8654,5.29,cnn,none,224,1876.593398,0.359052508,0.095644457
efficientnet_es_pruned.in1k,75.014,0.8386,5.44,cnn,none,224,1848.139313,0.397943269,0.095170332
efficientnet_es.ra_in1k,78.054,0.8695,5.44,cnn,none,224,1834.249017,0.387709233,0.096193277
efficientnet_lite0.ra_in1k,75.48,0.844,4.65,cnn,none,224,1925.004804,0.357456601,0.093788511
eva_large_patch14_196.in22k_ft_in1k,87.934,0.9656,304.14,selfsup,none,196,3081.975459,-0.222915397,0.136138809
eva_large_patch14_196.in22k_ft_in22k_in1k,88.576,0.9682,304.14,selfsup,none,196,3099.730526,-0.236842316,0.136306642
eva_large_patch14_336.in22k_ft_in1k,88.67,0.9712,304.53,selfsup,none,336,8591.534739,-0.184593444,0.118217214
eva_large_patch14_336.in22k_ft_in22k_in1k,89.208,0.9738,304.53,selfsup,none,336,8384.428292,-0.205729868,0.120084843
eva02_base_patch14_448.mim_in22k_ft_in1k,88.25,0.9675,87.12,selfsup,none,448,14630.8026,0.076484138,0.121417513
eva02_base_patch14_448.mim_in22k_ft_in22k_in1k,88.692,0.9693,87.12,selfsup,none,448,13742.51472,-0.001684597,0.115457665
eva02_large_patch14_448.mim_in22k_ft_in1k,89.624,0.9746,305.08,selfsup,none,448,20461.79345,-0.025801289,0.115445218
eva02_large_patch14_448.mim_in22k_ft_in22k_in1k,89.966,0.9772,305.08,selfsup,none,448,20502.86726,-0.162238622,0.116116713
eva02_large_patch14_448.mim_m38m_ft_in1k,89.57,0.974,305.08,selfsup,none,448,19789.97586,-0.020969129,0.117640329
focalnet_base_lrf.ms_in1k,83.838,0.9285,88.75,cnn,none,224,2973.335932,0.216804616,0.073802679
focalnet_base_srf.ms_in1k,83.818,0.9263,88.15,cnn,none,224,3010.54648,0.179543219,0.07521456
focalnet_small_lrf.ms_in1k,83.494,0.9249,50.34,cnn,none,224,3131.668346,0.187672613,0.076219178
focalnet_small_srf.ms_in1k,83.416,0.9233,49.89,cnn,none,224,2751.562579,0.170715487,0.075287909
focalnet_tiny_lrf.ms_in1k,82.154,0.9135,28.65,cnn,none,224,2606.9182,0.225448914,0.078940827
focalnet_tiny_srf.ms_in1k,82.134,0.9123,28.43,cnn,none,224,2250.654007,0.216850577,0.07969154
ghostnet_100.in1k,73.982,0.8286,5.18,hybrid,none,224,3466.007881,0.30218186,0.089770806
hrnet_w18_small_v2.ms_in1k,75.114,0.8396,15.6,cnn,none,224,1973.52457,0.315303465,0.092146919
hrnet_w18_small.ms_in1k,72.338,0.8094,13.19,cnn,none,224,1862.589077,0.339087372,0.087616976
hrnet_w18.ms_in1k,76.752,0.8589,21.3,cnn,none,224,2183.914381,0.313085512,0.092571282
hrnet_w30.ms_in1k,78.192,0.8737,37.71,cnn,none,224,2147.558286,0.350611133,0.092708835
hrnet_w32.ms_in1k,78.444,0.876,41.23,cnn,none,224,2301.020856,0.359757659,0.093325637
hrnet_w40.ms_in1k,78.93,0.8805,57.56,cnn,none,224,2271.431489,0.309891196,0.091036194
hrnet_w44.ms_in1k,78.892,0.8828,67.06,cnn,none,224,2199.162653,0.340976769,0.092760531
hrnet_w48.ms_in1k,79.302,0.8853,77.47,cnn,none,224,2253.831342,0.31506286,0.094585945
lcnet_050.ra2_in1k,63.12,0.7083,1.88,cnn,none,224,2588.20175,0.319422685,0.090522855
lcnet_075.ra2_in1k,68.782,0.7688,2.36,cnn,none,224,2649.343112,0.318682957,0.093108366
lcnet_100.ra2_in1k,72.096,0.8086,2.95,cnn,none,224,2627.42711,0.352971655,0.097109643
legacy_seresnet18.in1k,71.766,0.8016,11.78,cnn,none,224,1786.43299,0.346218981,0.096582154
legacy_seresnet34.in1k,74.808,0.8357,21.96,cnn,none,224,1746.379756,0.334137791,0.095722126
levit_128.fb_dist_in1k,78.49,0.8731,9.21,hybrid,none,224,2991.278344,0.252784234,0.09572738
levit_128s.fb_dist_in1k,76.526,0.8536,7.78,hybrid,none,224,2898.634542,0.294359024,0.096707179
levit_192.fb_dist_in1k,79.838,0.8856,10.95,hybrid,none,224,2848.87559,0.221162905,0.098539676
levit_256.fb_dist_in1k,81.514,0.9064,18.89,hybrid,none,224,2970.835305,0.160769766,0.098628634
levit_384.fb_dist_in1k,82.596,0.9137,39.13,hybrid,none,224,2989.187892,0.155704639,0.094890898
maxvit_rmlp_base_rw_224.sw_in12k_ft_in1k,86.894,0.956,116.14,hybrid,none,224,5913.010476,-0.075767092,0.099414519
maxvit_rmlp_small_rw_224.sw_in1k,84.492,0.9335,64.9,hybrid,none,224,4915.775526,-0.061135047,0.146645865
maxvit_small_tf_224.in1k,84.426,0.9319,68.93,hybrid,none,224,4710.447602,-0.060044392,0.131313158
maxvit_tiny_rw_224.sw_in1k,83.504,0.9244,29.06,hybrid,none,224,4608.471066,-0.05022175,0.145687425
maxvit_tiny_tf_224.in1k,83.402,0.923,30.92,hybrid,none,224,4538.522724,-0.052306179,0.146251734
maxxvitv2_rmlp_base_rw_384.sw_in12k_ft_in1k,87.464,0.961,116.09,hybrid,none,384,18564.08944,-0.011288698,0.13763092
mixnet_l.ft_in1k,78.966,0.8794,7.33,cnn,none,224,1547.264759,0.38330921,0.06777066
mixnet_m.ft_in1k,77.258,0.8611,5.01,cnn,none,224,1548.844132,0.376302834,0.066436666
mixnet_s.ft_in1k,75.994,0.8467,4.13,cnn,none,224,1467.661514,0.359878799,0.068470451
mixnet_xl.ra_in1k,80.482,0.8911,11.9,cnn,none,224,1582.526026,0.358629668,0.066593293
mnasnet_100.rmsp_in1k,74.65,0.8338,4.38,cnn,none,224,3085.246925,0.36189796,0.087873324
mnasnet_small.lamb_in1k,66.196,0.7451,2.03,cnn,none,224,2982.914492,0.281018636,0.09573857
mobilenetv2_050.lamb_in1k,65.95,0.742,1.97,cnn,none,224,1802.540735,0.293698357,0.097368562
mobilenetv2_100.ra_in1k,72.976,0.8166,3.5,cnn,none,224,1789.459519,0.345191635,0.093525303
mobilenetv2_110d.ra_in1k,75.056,0.8404,4.52,cnn,none,224,1809.322522,0.34179277,0.09432005
mobilenetv2_120d.ra_in1k,77.302,0.8605,5.83,cnn,none,224,1826.050756,0.379499674,0.097289438
mobilenetv2_140.ra_in1k,76.52,0.8516,6.11,cnn,none,224,1763.993997,0.381910451,0.094171586
mobilenetv3_large_100.miil_in21k_ft_in1k,77.918,0.8666,5.48,cnn,big_data,224,1735.320257,0.245405982,0.09515497
mobilenetv3_large_100.ra_in1k,75.766,0.8443,5.48,cnn,none,224,1752.856946,0.307666386,0.095182814
mobilenetv3_rw.rmsp_in1k,75.62,0.8417,5.48,cnn,none,224,1741.533015,0.356416878,0.093153604
mobilenetv3_small_075.lamb_in1k,65.234,0.7311,2.04,cnn,none,224,1736.662719,0.243403315,0.088356892
mobilenetv3_small_100.lamb_in1k,67.656,0.7585,2.54,cnn,none,224,1720.936578,0.278146089,0.089912101
mobilevit_xs.cvnets_in1k,74.636,0.8303,2.32,vit,none,256,4132.402544,0.346814459,0.101356452
mobilevit_xxs.cvnets_in1k,68.932,0.773,1.27,vit,none,256,3810.245219,0.328526898,0.100141068
mobilevitv2_050.cvnets_in1k,70.138,0.789,1.37,vit,none,256,3900.584207,0.350438483,0.095088999
mvitv2_base.fb_in1k,84.45,0.9328,51.47,vit,none,224,1834.060063,-0.030106435,0.067939633
mvitv2_small.fb_in1k,83.77,0.9258,34.87,vit,none,224,1644.68777,-0.027875609,0.072240925
mvitv2_tiny.fb_in1k,82.41,0.9156,24.17,vit,none,224,1601.980958,0.042099821,0.075269567
pit_b_224.in1k,82.438,0.9137,73.76,vit,none,224,1953.474557,0.030406679,0.09669084
pit_b_distilled_224.in1k,83.766,0.9288,74.79,vit,none,224,1952.55703,0.088447975,0.101934607
pit_s_224.in1k,81.092,0.8991,23.46,vit,none,224,1679.532703,0.077523628,0.109745583
pit_s_distilled_224.in1k,81.808,0.9091,24.04,vit,none,224,1678.005221,0.201717372,0.111814343
pit_ti_224.in1k,72.91,0.8146,4.85,vit,none,224,1674.52826,0.196616303,0.112962638
pit_ti_distilled_224.in1k,74.254,0.829,5.1,vit,none,224,1663.341643,0.2647546,0.110685093
pit_xs_224.in1k,78.18,0.8685,10.62,vit,none,224,1644.152727,0.156742725,0.112670127
pit_xs_distilled_224.in1k,79.18,0.8812,11,vit,none,224,1657.193776,0.25628591,0.113213991
poolformer_m36.sail_in1k,82.102,0.9117,56.17,vit,none,224,2096.045388,0.173969515,0.10509304
poolformer_s12.sail_in1k,77.234,0.8627,11.92,vit,none,224,1756.347714,0.297720102,0.101578841
poolformer_s24.sail_in1k,80.296,0.8938,21.39,vit,none,224,1835.25358,0.24106001,0.103988779
poolformer_s36.sail_in1k,81.43,0.9018,30.86,vit,none,224,1900.953435,0.191706619,0.106115893
poolformerv2_m36.sail_in1k,82.216,0.9115,56.08,vit,none,224,2116.671093,0.224138577,0.111003054
poolformerv2_s12.sail_in1k,78.004,0.8718,11.89,vit,none,224,1750.739726,0.305861034,0.116124163
poolformerv2_s24.sail_in1k,80.748,0.8974,21.34,vit,none,224,1837.63721,0.271758622,0.111861273
poolformerv2_s36.sail_in1k,81.568,0.9072,30.79,vit,none,224,1904.543692,0.238714219,0.109982725
pvt_v2_b0.in1k,70.66,0.7891,3.67,hybrid,none,224,1802.962014,0.224039622,0.113465036
pvt_v2_b1.in1k,78.702,0.8759,14.01,hybrid,none,224,1861.173118,0.202772283,0.106594827
pvt_v2_b2_li.in1k,82.194,0.9124,22.55,hybrid,none,224,2021.262045,0.038830447,0.101304325
pvt_v2_b2.in1k,82.086,0.9123,25.36,hybrid,none,224,1979.304323,0.089824253,0.102072508
pvt_v2_b3.in1k,83.12,0.9231,45.24,hybrid,none,224,2099.059002,0.049483382,0.107243692
pvt_v2_b4.in1k,83.71,0.9266,62.56,hybrid,none,224,2312.662806,0.029811072,0.105826633
pvt_v2_b5.in1k,83.742,0.9281,81.96,hybrid,none,224,2282.778578,0.023281619,0.109111675
regnetx_004_tv.tv2_in1k,74.596,0.8371,5.5,cnn,none,224,1859.90155,0.243983677,0.082681645
regnetx_008.tv2_in1k,77.304,0.8612,7.26,cnn,none,224,1798.876845,0.247852431,0.088101268
regnetx_016.tv2_in1k,79.436,0.8881,9.19,cnn,none,224,1799.36743,0.277022036,0.096220166
regnety_004.tv2_in1k,75.598,0.8482,4.34,cnn,none,224,1740.366532,0.212766161,0.088737601
regnety_008_tv.tv2_in1k,78.674,0.877,6.43,cnn,none,224,1751.724541,0.229920009,0.086722678
regnety_016.tv2_in1k,80.668,0.8996,11.2,cnn,none,224,1873.006621,0.191861258,0.08456469
repvgg_b0.rvgg_in1k,75.142,0.8428,15.82,cnn,none,224,1828.062884,0.358993074,0.090707577
repvgg_b1.rvgg_in1k,78.368,0.8765,57.42,cnn,none,224,1975.111688,0.391771382,0.092813546
repvgg_b1g4.rvgg_in1k,77.582,0.8649,39.97,cnn,none,224,1894.190084,0.374083771,0.090343462
repvgg_b2.rvgg_in1k,78.792,0.8815,89.02,cnn,none,224,2005.153091,0.410000403,0.0940769
repvgg_b2g4.rvgg_in1k,79.382,0.8867,61.76,cnn,none,224,1950.529272,0.377958238,0.101411566
repvgg_b3g4.rvgg_in1k,80.216,0.8934,83.83,cnn,none,224,2103.055945,0.387687633,0.101647782
res2net50_14w_8s.in1k,78.158,0.8734,25.06,cnn,none,224,1988.974518,0.249321289,0.094289771
res2net50_26w_4s.in1k,77.95,0.8729,25.7,cnn,none,224,1918.604165,0.24011862,0.097404466
res2net50_26w_6s.in1k,78.568,0.8769,37.05,cnn,none,224,1893.045932,0.209202087,0.095434739
res2net50_26w_8s.in1k,78.942,0.8828,48.4,cnn,none,224,1993.120606,0.202542663,0.096610746
res2net50_48w_2s.in1k,77.514,0.8667,25.29,cnn,none,224,1800.546455,0.293441813,0.098350308
resnest50d_1s4x24d.in1k,80.988,0.9,25.68,hybrid,none,224,1821.861742,0.211733692,0.094864425
resnest50d_4s2x40d.in1k,81.12,0.9011,30.42,hybrid,none,224,1883.089612,0.196407116,0.093217977
resnest50d.in1k,80.964,0.8963,27.48,hybrid,none,224,1925.931848,0.197198548,0.091531806
resnet101.a3_in1k,79.814,0.8708,44.55,cnn,none,160,1410.39952,0.280056889,0.073324682
resnet10t.c3_in1k,68.358,0.7515,5.44,cnn,none,176,847.9486382,0.327438007,0.064969261
resnet14t.c3_in1k,72.254,0.8018,10.08,cnn,none,176,902.1614439,0.259241492,0.067754931
resnet152.a3_in1k,80.546,0.879,60.19,cnn,none,160,1437.393182,0.271152792,0.073842137
resnet18_l2_eps0.01,69.9,0.7857,11.69,adv,l2,224,3057.875182,0.42709631,0.092197553
resnet18_l2_eps0.03,69.24,0.7799,11.69,adv,l2,224,3013.058098,0.455064326,0.093436493
resnet18_l2_eps0.05,69.15,0.778,11.69,adv,l2,224,3095.399811,0.458069204,0.093576064
resnet18_l2_eps0.1,68.77,0.7764,11.69,adv,l2,224,3045.994386,0.466350472,0.092585203
resnet18_l2_eps0.25,67.43,0.7585,11.69,adv,l2,224,3058.070432,0.465952716,0.091909521
resnet18_l2_eps0.5,65.49,0.7395,11.69,adv,l2,224,3018.191317,0.46486812,0.092078114
resnet18_l2_eps1,62.32,0.703,11.69,adv,l2,224,2995.522709,0.447475174,0.091092018
resnet18_l2_eps3,53.12,0.6055,11.69,adv,l2,224,3039.680169,0.404340839,0.090150362
resnet18_l2_eps5,45.59,0.5197,11.69,adv,l2,224,3039.617478,0.37174553,0.090698571
resnet18_linf_eps0.5,66.13,0.7483,11.69,adv,linf,224,1169.023688,0.502537682,0.036404478
resnet18_linf_eps1.0,63.46,0.7162,11.69,adv,linf,224,1162.454634,0.497623704,0.035166359
resnet18_linf_eps2.0,59.63,0.675,11.69,adv,linf,224,1161.082276,0.44556211,0.032673333
resnet18_linf_eps4.0,52.49,0.5927,11.69,adv,linf,224,1112.859668,0.219938423,0.017476909
resnet18_linf_eps8.0,42.11,0.4809,11.69,adv,linf,224,1256.711788,0.186866256,0.014626132
resnet18.a3_in1k,68.254,0.7365,11.69,cnn,none,160,1263.004214,0.333399599,0.070920552
resnet18.fb_ssl_yfcc100m_ft_in1k,72.594,0.8145,11.69,cnn,none,224,1390.068977,0.370680398,0.070380021
resnet18.fb_swsl_ig1b_ft_in1k,73.282,0.8193,11.69,cnn,none,224,1392.713832,0.383218062,0.070024396
resnet18.gluon_in1k,70.838,0.7951,11.69,cnn,none,224,1418.5779,0.341218528,0.071112845
resnet18.tv_in1k,69.76,0.7822,11.69,cnn,none,224,1408.810181,0.337162136,0.067620733
resnet34.a3_in1k,72.97,0.7899,21.8,cnn,none,160,1375.470594,0.321241224,0.074285428
resnet34.gluon_in1k,74.578,0.8367,21.8,cnn,none,224,1481.920373,0.321665886,0.071528422
resnet50_l2_eps0.01,75.68,0.8446,25.56,adv,l2,224,2976.526157,0.431398555,0.067006802
resnet50_l2_eps0.03,75.76,0.8461,25.56,adv,l2,224,2917.475336,0.457270836,0.066914085
resnet50_l2_eps0.05,75.59,0.8454,25.56,adv,l2,224,2901.617684,0.467204745,0.066912556
resnet50_l2_eps0.1,74.78,0.8378,25.56,adv,l2,224,2917.948337,0.481178878,0.066451157
resnet50_l2_eps0.25,74.14,0.8327,25.56,adv,l2,224,2926.555967,0.483717165,0.065982389
resnet50_l2_eps0.5,73.16,0.8236,25.56,adv,l2,224,2896.253695,0.473131718,0.065549278
resnet50_l2_eps1,70.43,0.7918,25.56,adv,l2,224,2909.244874,0.462040364,0.063952443
resnet50_l2_eps3,62.83,0.7113,25.56,adv,l2,224,2902.160127,0.424329231,0.062974231
resnet50_l2_eps5,56.13,0.6368,25.56,adv,l2,224,2895.351235,0.39546925,0.064620505
resnet50_linf_eps0.5,73.73,0.8286,25.56,adv,linf,224,2683.910905,0.51306504,0.048813362
resnet50_linf_eps1.0,72.05,0.8123,25.56,adv,linf,224,2653.514231,0.491168731,0.04694713
resnet50_linf_eps2.0,69.1,0.781,25.56,adv,linf,224,2627.021441,0.45061234,0.044566048
resnet50_linf_eps4.0,63.86,0.721,25.56,adv,linf,224,2533.949681,0.233747122,0.025280987
resnet50_linf_eps8.0,54.53,0.6199,25.56,adv,linf,224,2703.811592,0.300673713,0.035005709
resnet50.a1h_in1k,80.676,0.8826,25.56,cnn,none,176,909.8011861,0.23913389,0.076823941
resnet50.a3_in1k,78.048,0.8493,25.56,cnn,none,160,1346.788328,0.294924695,0.074373515
resnet50.am_in1k,78.998,0.8807,25.56,cnn,none,224,1512.884606,0.237641608,0.073001889
resnet50.tv_in1k,76.13,0.85,25.56,cnn,none,224,1459.624424,0.30978106,0.070676576
resnet50d.a3_in1k,78.722,0.8623,25.58,cnn,none,160,1314.373649,0.295599358,0.071457565
resnetrs50.tf_in1k,79.896,0.8654,35.69,cnn,none,160,1351.976323,0.262245798,0.068353291
rexnet_100.nav_in1k,77.862,0.8649,4.8,cnn,none,224,1871.923205,0.333274292,0.093146599
rexnet_130.nav_in1k,79.504,0.8824,7.56,cnn,none,224,1964.604761,0.356350699,0.094807658
rexnet_150.nav_in1k,80.324,0.8918,9.73,cnn,none,224,1904.852812,0.359281299,0.095034834
rexnet_200.nav_in1k,81.636,0.9044,16.37,cnn,none,224,1831.040155,0.340203581,0.090005771
rexnet_300.nav_in1k,82.774,0.9184,34.71,cnn,none,224,1994.457664,0.303114908,0.092886557
semnasnet_075.rmsp_in1k,72.992,0.8176,2.91,cnn,none,224,3235.351045,0.391552303,0.094051674
seresnextaa101d_32x8d.sw_in12k_ft_in1k,86.484,0.9448,93.59,cnn,none,224,2363.331017,-0.072563199,0.108360191
seresnextaa101d_32x8d.sw_in12k_ft_in1k_288,86.724,0.9526,93.59,cnn,none,288,4405.479473,-0.062894856,0.105978871
skresnet18.ra_in1k,73.038,0.8181,11.96,hybrid,none,224,1765.25184,0.361752325,0.098372788
skresnet34.ra_in1k,76.91,0.8618,22.28,hybrid,none,224,1875.634917,0.334788562,0.101158793
spnasnet_100.rmsp_in1k,74.086,0.8287,4.42,cnn,none,224,3482.461791,0.276665009,0.089713812
swin_base_patch4_window7_224.ms_in1k,83.606,0.9243,87.77,selfsup,none,224,2885.353491,-0.019047053,0.150248676
swin_base_patch4_window7_224.ms_in22k_ft_in1k,85.272,0.9399,87.77,selfsup,none,224,2915.85272,-0.019814947,0.131886063
swin_s3_base_224.ms_in1k,83.92,0.9286,71.13,selfsup,none,224,2974.085898,-0.142564036,0.148224593
swin_s3_small_224.ms_in1k,83.756,0.9266,49.74,selfsup,none,224,2844.702511,-0.119873846,0.141889345
swin_s3_tiny_224.ms_in1k,82.144,0.9111,28.33,selfsup,none,224,2600.024933,-0.008830643,0.138541827
swin_small_patch4_window7_224.ms_in1k,83.208,0.9209,49.61,selfsup,none,224,2833.622725,-0.031515409,0.141187952
swin_small_patch4_window7_224.ms_in22k_ft_in1k,83.298,0.9225,49.61,selfsup,none,224,2979.196445,0.019525542,0.132666292
swin_tiny_patch4_window7_224.ms_in1k,81.376,0.9036,28.29,selfsup,none,224,2674.411361,0.077383008,0.148546383
swin_tiny_patch4_window7_224.ms_in22k_ft_in1k,80.968,0.9009,28.29,selfsup,none,224,2688.842324,0.097357157,0.136681534
swinv2_base_window12to16_192to256.ms_in22k_ft_in1k,86.268,0.951,87.92,selfsup,none,256,6156.008795,-0.133778538,0.129094084
swinv2_base_window12to24_192to384.ms_in22k_ft_in1k,87.096,0.9597,87.92,selfsup,none,384,14725.13153,-0.131371256,0.127647696
swinv2_cr_small_224.sw_in1k,83.136,0.9196,49.7,selfsup,none,224,6394.74618,-0.050150363,0.205228129
swinv2_cr_small_ns_224.sw_in1k,83.498,0.9263,49.7,selfsup,none,224,6430.065121,-0.01847953,0.206041281
swinv2_cr_tiny_ns_224.sw_in1k,81.802,0.908,28.33,selfsup,none,224,5499.210163,0.14269483,0.208827028
swinv2_large_window12to16_192to256.ms_in22k_ft_in1k,86.952,0.9557,196.74,selfsup,none,256,7667.006391,-0.153366585,0.1301782
swinv2_large_window12to24_192to384.ms_in22k_ft_in1k,87.464,0.9625,196.74,selfsup,none,384,20942.55,-0.140217453,0.175351409
tf_mobilenetv3_large_075.in1k,73.432,0.8172,3.99,cnn,none,224,1772.10929,0.313941382,0.095366599
tf_mobilenetv3_large_minimal_100.in1k,72.258,0.8108,3.92,cnn,none,224,1762.034468,0.300390762,0.092457565
tf_mobilenetv3_small_075.in1k,65.728,0.7368,2.04,cnn,none,224,1747.811978,0.209976261,0.087924838
tf_mobilenetv3_small_100.in1k,67.918,0.7585,2.54,cnn,none,224,1732.30934,0.224687826,0.085759723
tinynet_b.in1k,74.978,0.8381,3.73,cnn,none,188,1642.265102,0.357392719,0.069434335
tinynet_c.in1k,71.24,0.7983,2.46,cnn,none,184,1563.165696,0.314467194,0.066761782
tresnet_l.miil_in1k,81.48,0.9069,55.99,cnn,none,224,3176.597259,0.257793898,0.098945496
tresnet_m.miil_in1k,80.798,0.8975,31.39,cnn,none,224,2986.343746,0.295183764,0.09998697
tresnet_m.miil_in21k_ft_in1k,83.074,0.9206,31.39,cnn,big_data,224,2945.127189,0.287070253,0.102403706
tresnet_v2_l.miil_in21k_ft_in1k,83.9,0.9272,46.17,cnn,big_data,224,3213.508215,0.252897991,0.100811197
tresnet_xl.miil_in1k,82.074,0.9128,78.44,cnn,none,224,3354.515995,0.245809056,0.10100164
twins_pcpvt_base.in1k,82.71,0.9165,43.83,vit,none,224,2057.00473,-0.018103901,0.107393939
twins_pcpvt_large.in1k,83.13,0.9207,60.99,vit,none,224,2185.431774,0.047723445,0.108501933
twins_pcpvt_small.in1k,81.096,0.9024,24.11,vit,none,224,1898.230052,0.049189335,0.105592721
twins_svt_base.in1k,83.122,0.9215,56.07,vit,none,224,1988.003612,-0.015562359,0.105379781
twins_svt_small.in1k,81.678,0.9042,24.06,vit,none,224,1898.99442,-0.037815745,0.10782077
vgg11_bn.tv_in1k,70.382,0.7901,132.87,cnn,none,224,1815.006744,0.362451818,0.096091229
vgg11.tv_in1k,69.022,0.7734,132.86,cnn,none,224,1794.611361,0.329765772,0.098676817
vgg13_bn.tv_in1k,71.588,0.8015,133.05,cnn,none,224,1867.603864,0.328437508,0.091565995
vgg13.tv_in1k,69.932,0.7878,133.05,cnn,none,224,1863.681265,0.299593261,0.095857978
vgg16_bn.tv_in1k,73.37,0.8235,138.37,cnn,none,224,1900.184039,0.346333781,0.094984716
vgg16.tv_in1k,71.592,0.8031,138.36,cnn,none,224,1880.81682,0.328895299,0.097669886
vgg19_bn.tv_in1k,74.216,0.8315,143.68,cnn,none,224,1935.737169,0.339243046,0.0943495
vgg19.tv_in1k,72.378,0.8121,143.67,cnn,none,224,1911.865041,0.341982887,0.100997576
visformer_small.in1k,82.102,0.9116,40.22,hybrid,none,224,1898.93931,0.116386563,0.10224983
visformer_tiny.in1k,78.162,0.8698,10.32,hybrid,none,224,1823.28367,0.188218372,0.10533015
vit_base_patch14_dinov2.lvd142m,84.5,0.935,86,selfsup,dino,224,5906.844587,0.142548153,0.206084553
vit_base_patch16_224_miil.in21k_ft_in1k,84.266,0.9319,86.54,vit,big_data,224,2577.07102,0.102192204,0.13964856
vit_base_patch16_224.augreg_in1k,79.154,0.8799,86.57,vit,none,224,2527.840846,0.100779127,0.141532913
vit_base_patch16_224.augreg_in21k_ft_in1k,84.532,0.9333,86.57,vit,big_data,224,2535.740013,0.088678287,0.133192702
vit_base_patch16_224.augreg2_in21k_ft_in1k,85.096,0.9408,86.57,vit,big_data,224,2570.814474,0.00093323,0.132042656
vit_base_patch16_224.dino,78.2,0.0013,85,selfsup,dino,224,1795.833179,0.280555119,0.074038804
vit_base_patch16_224.orig_in21k_ft_in1k,81.786,0.907,86.57,vit,big_data,224,2592.085862,0.128860693,0.144284798
vit_base_patch16_224.sam_in1k,80.244,0.8914,86.57,vit,none,224,2574.235304,0.277118908,0.147223749
vit_base_patch16_clip_224.laion2b_ft_in12k_in1k,86.174,0.9488,86.57,selfsup,clip,224,1594.345166,0.109048461,0.066954682
vit_base_patch16_clip_224.laion2b_ft_in1k,85.466,0.9419,86.57,selfsup,clip,224,1787.858191,0.167991101,0.070568723
vit_base_patch16_clip_224.openai_ft_in12k_in1k,85.94,0.9467,86.57,selfsup,clip,224,1685.659745,0.121437265,0.063095198
vit_base_patch16_clip_224.openai_ft_in1k,85.292,0.9392,86.57,selfsup,clip,224,1691.606925,0.162832137,0.068878973
vit_base_patch16_rpn_224.sw_in1k,82.206,0.9114,86.54,vit,none,224,2499.489209,-0.044399464,0.133191734
vit_base_patch32_clip_224.laion2b_ft_in12k_in1k,83.296,0.9194,88.22,selfsup,clip,224,1478.289744,0.06392167,0.062610708
vit_base_patch32_clip_224.laion2b_ft_in1k,82.582,0.9138,88.22,selfsup,clip,224,1360.407391,0.078573581,0.064028527
vit_base_patch32_clip_224.openai_ft_in1k,81.93,0.9084,88.22,selfsup,clip,224,1352.423781,0.136516999,0.06336287
vit_base_patch8_224.augreg_in21k_ft_in1k,85.798,0.9479,86.58,vit,big_data,224,4127.110673,0.059725543,0.121752374
vit_base_patch8_224.augreg2_in21k_ft_in1k,86.218,0.9482,86.58,vit,big_data,224,4184.771523,-0.054379382,0.119746486
vit_base_patch8_224.dino,80.1,0.0013,85,selfsup,dino,224,3438.806381,0.324619075,0.070674437
vit_giant_patch14_dinov2.lvd142m,86.5,0.9539,1100,selfsup,dino,224,19564.05364,0.149267524,0.216454032
vit_large_patch14_clip_224.laion2b_ft_in12k_in1k,87.892,0.9597,304.2,selfsup,clip,224,3114.961067,-0.156516897,0.065066826
vit_large_patch14_clip_224.laion2b_ft_in1k,87.282,0.9534,304.2,selfsup,clip,224,2993.167159,-0.083837945,0.067748462
vit_large_patch14_clip_224.openai_ft_in12k_in1k,88.176,0.965,304.2,selfsup,clip,224,3123.812351,-0.087461304,0.060131958
vit_large_patch14_clip_224.openai_ft_in1k,87.852,0.962,304.2,selfsup,clip,224,3109.312258,-0.066600456,0.065816997
vit_large_patch14_dinov2.lvd142m,86.3,0.9521,300,selfsup,dino,224,8227.536733,0.140805184,0.212768533
vit_large_patch16_224.augreg_in21k_ft_in1k,85.834,0.9448,304.33,vit,big_data,224,3768.54874,-0.0694427,0.132452067
vit_large_patch16_384.augreg_in21k_ft_in1k,87.084,0.9556,304.72,vit,big_data,384,9262.200891,-0.071745022,0.122125115
vit_large_r50_s32_384.augreg_in21k_ft_in1k,86.182,0.95,329.09,vit,big_data,384,5999.060696,-0.013617669,0.144205234
vit_medium_patch16_gap_384.sw_in12k_ft_in1k,85.532,0.9421,39.03,vit,none,384,5229.758192,-0.047401277,0.115376665
vit_relpos_base_patch16_224.sw_in1k,82.496,0.9147,86.43,vit,none,224,3462.85718,-0.075630713,0.101139929
vit_relpos_base_patch16_clsgap_224.sw_in1k,82.76,0.9178,86.43,vit,none,224,3555.62806,-0.067326826,0.098973981
vit_relpos_medium_patch16_224.sw_in1k,82.462,0.9138,38.75,vit,none,224,3048.082763,-0.113296029,0.100361837
vit_relpos_medium_patch16_cls_224.sw_in1k,82.572,0.9151,38.76,vit,none,224,3040.103262,-0.023858819,0.102492219
vit_relpos_medium_patch16_rpn_224.sw_in1k,82.31,0.9135,38.73,vit,none,224,3018.177684,-0.093738145,0.096435701
vit_relpos_small_patch16_224.sw_in1k,81.462,0.9051,21.98,vit,none,224,2881.03249,-0.091736409,0.101091483
vit_small_patch14_dinov2.lvd142m,81.1,0.9062,21,selfsup,dino,224,5476.038549,0.178405727,0.209912104
vit_small_patch16_224.augreg_in1k,78.846,0.8775,22.05,vit,none,224,2471.15798,0.082869026,0.143005599
vit_small_patch16_224.augreg_in21k_ft_in1k,81.384,0.903,22.05,vit,big_data,224,2429.02304,0.125829712,0.13991609
vit_small_patch16_224.dino,77,0.0015,21,selfsup,dino,224,1472.254668,0.324050224,0.075726633
vit_small_patch8_224.dino,79.7,0.0015,21,selfsup,dino,224,2162.433358,0.391599362,0.075881314
vit_srelpos_medium_patch16_224.sw_in1k,82.24,0.911,38.74,vit,none,224,2508.645336,-0.067275754,0.134512797
vit_srelpos_small_patch16_224.sw_in1k,81.092,0.9007,21.97,vit,none,224,2543.252239,-0.066286915,0.136773564
vit_tiny_patch16_224.augreg_in21k_ft_in1k,75.454,0.8415,5.72,vit,big_data,224,2512.982087,0.163381474,0.141296388
vit_tiny_r_s16_p8_224.augreg_in21k_ft_in1k,71.798,0.803,6.34,vit,big_data,224,2507.4733,0.272734902,0.142557506
volo_d1_224.sail_in1k,84.162,0.9321,26.63,hybrid,none,224,1955.054847,0.273438463,0.105805663
volo_d1_384.sail_in1k,85.244,0.9428,26.78,hybrid,none,384,4892.081871,0.236073054,0.100040158
volo_d2_224.sail_in1k,85.202,0.9424,58.68,hybrid,none,224,2180.315748,0.241506454,0.10410166
volo_d2_384.sail_in1k,86.042,0.9479,58.87,hybrid,none,384,5461.505139,0.227434328,0.097383396
volo_d3_224.sail_in1k,85.414,0.943,86.33,hybrid,none,224,2342.690886,0.238419005,0.103694772
volo_d4_224.sail_in1k,85.872,0.9466,192.96,hybrid,none,224,2856.880208,0.20961473,0.104145191
volo_d5_224.sail_in1k,86.07,0.9489,295.46,hybrid,none,224,3657.864961,0.231745543,0.104357529
wide_resnet50_2_l2_eps0.01,77.25,0.8597,68.88,adv,l2,224,2835.341276,0.436108664,0.068148921
wide_resnet50_2_l2_eps0.03,77.26,0.8648,68.88,adv,l2,224,2749.333581,0.465359281,0.068036417
wide_resnet50_2_l2_eps0.05,77.17,0.8617,68.88,adv,l2,224,2761.890074,0.476397409,0.066219898
wide_resnet50_2_l2_eps0.1,76.74,0.8611,68.88,adv,l2,224,2712.70304,0.485412586,0.066084745
wide_resnet50_2_l2_eps0.25,76.21,0.8553,68.88,adv,l2,224,2702.598145,0.484405772,0.065701344
wide_resnet50_2_l2_eps0.5,75.11,0.8447,68.88,adv,l2,224,2734.203624,0.478059767,0.064731327
wide_resnet50_2_l2_eps1,73.41,0.8256,68.88,adv,l2,224,2738.519557,0.469025294,0.063752624
wide_resnet50_2_l2_eps3,69.9,0.7584,68.88,adv,l2,224,2738.826985,0.427252388,0.063303415
wide_resnet50_2_l2_eps5,60.94,0.691,68.88,adv,l2,224,2731.819703,0.402208608,0.064228495
wide_resnet50_2_linf_eps0.5,75.82,0.8519,68.88,adv,linf,224,2873.284337,0.525885052,0.048891397
wide_resnet50_2_linf_eps1.0,74.65,0.8403,68.88,adv,linf,224,2793.535514,0.507673875,0.047717888
wide_resnet50_2_linf_eps2.0,72.35,0.8158,68.88,adv,linf,224,2808.61027,0.480919962,0.045688377
wide_resnet50_2_linf_eps4.0,68.41,0.7716,68.88,adv,linf,224,2795.942502,0.43486612,0.042641655
wide_resnet50_2_linf_eps8.0,60.82,0.6885,68.88,adv,linf,224,2794.098093,0.239753045,0.02668512
xcit_medium_24_p8_224.fb_in1k,83.748,0.9248,84.32,vit,none,224,4308.482305,0.021068932,0.098337293
xcit_nano_12_p8_224.fb_in1k,73.916,0.8297,3.05,vit,none,224,1965.37613,0.126280789,0.106403291
xcit_small_12_p8_224.fb_in1k,83.332,0.9213,26.21,vit,none,224,2458.732715,-0.003508011,0.10354436
xcit_small_24_p8_224.fb_in1k,83.834,0.9264,47.63,vit,none,224,3330.860668,0.02054714,0.102040888
xcit_tiny_12_p8_224.fb_in1k,79.688,0.8921,6.71,vit,none,224,1890.505299,0.011501765,0.109463583
xcit_tiny_24_p8_224.fb_in1k,81.892,0.9077,12.11,vit,none,224,2250.656821,0.06152437,0.106252816