model_name,stimuli_name,stimuli_shape,neural_response_shape,time_a,time_b,layer_name,ceiling_score,brain_score,brain_score_std,new_brain_score,new_brain_score_std,new_ceiling_score
beit_base_patch16_224.in22k_ft_in22k_in1k,red_central_it,"(14, 3, 224, 224)","(14, 9, 9, 32)",131,170,blocks.1.drop_path1,0.8789925863194138,0.5309779811835698,0.1804007697335503,0.5225083597516188,0.15604157660394852,0.89324065395063
beitv2_base_patch16_224.in1k_ft_in1k,red_central_it,"(14, 3, 224, 224)","(14, 9, 9, 32)",131,170,blocks.4.attn.proj_drop,0.8789925863194138,0.573159682626212,0.1660614423515893,0.5640172215375611,0.1436384629397099,0.89324065395063
beitv2_base_patch16_224.in1k_ft_in22k_in1k,red_central_it,"(14, 3, 224, 224)","(14, 9, 9, 32)",131,170,blocks.4.attn.proj_drop,0.8789925863194138,0.5458577425258045,0.134205149357417,0.5371507742545636,0.11608366818517571,0.89324065395063
beit_base_patch16_384.in22k_ft_in22k_in1k,red_central_it,"(14, 3, 224, 224)","(14, 9, 9, 32)",131,170,blocks.2,0.8789925863194138,0.5785604288397571,0.1804272503956119,0.5693318205331429,0.1560644816295962,0.89324065395063
beit_large_patch16_224.in22k_ft_in22k_in1k,red_central_it,"(14, 3, 224, 224)","(14, 9, 9, 32)",131,170,blocks.9.mlp.act,0.8789925863194138,0.480929247107647,0.1400913850036958,0.4732579522462754,0.12117509596491476,0.89324065395063
beit_large_patch16_384.in22k_ft_in22k_in1k,red_central_it,"(14, 3, 224, 224)","(14, 9, 9, 32)",131,170,blocks.9.mlp.act,0.8789925863194138,0.5248208196607782,0.1645383261825818,0.516449411015499,0.14232101042155307,0.89324065395063
beit_large_patch16_512.in22k_ft_in22k_in1k,red_central_it,"(14, 3, 224, 224)","(14, 9, 9, 32)",131,170,blocks.9.mlp.act,0.8789925863194138,0.4929865863808778,0.1502218272036888,0.4851229650902761,0.12993764268196512,0.89324065395063
beitv2_large_patch16_224.in1k_ft_in1k,red_central_it,"(14, 3, 224, 224)","(14, 9, 9, 32)",131,170,blocks.9.mlp.act,0.8789925863194138,0.4994568109103652,0.1513630712808469,0.49148998316999254,0.13092478661351648,0.89324065395063
beitv2_large_patch16_224.in1k_ft_in22k_in1k,red_central_it,"(14, 3, 224, 224)","(14, 9, 9, 32)",131,170,blocks.9.mlp.act,0.8789925863194138,0.503558773677425,0.1491687085675029,0.49552651559342964,0.12902672477078234,0.89324065395063
caformer_m36.sail_in1k,red_central_it,"(14, 3, 224, 224)","(14, 9, 9, 32)",131,170,stages.2.blocks.1.norm2,0.8789925863194138,0.5980711006974585,0.157179043990762,0.5885312779707106,0.13595543893546114,0.89324065395063
caformer_m36.sail_in22k_ft_in1k,red_central_it,"(14, 3, 224, 224)","(14, 9, 9, 32)",131,170,stages.2.blocks.1,0.8789925863194138,0.6011679181353746,0.1681470982731769,0.5915786981223503,0.14544249647425952,0.89324065395063
caformer_s18.sail_in1k,red_central_it,"(14, 3, 224, 224)","(14, 9, 9, 32)",131,170,stages.2.downsample.conv,0.8789925863194138,0.5894380542252143,0.1819480159676487,0.5800359370870511,0.15737990094768517,0.89324065395063
caformer_s18.sail_in22k_ft_in1k,red_central_it,"(14, 3, 224, 224)","(14, 9, 9, 32)",131,170,stages.2.blocks.4.norm2,0.8789925863194138,0.5947758768229658,0.1858591181929484,0.5852886161604457,0.16076289403799388,0.89324065395063
caformer_s36.sail_in1k,red_central_it,"(14, 3, 224, 224)","(14, 9, 9, 32)",131,170,stages.2.blocks.1.norm2,0.8789925863194138,0.6164491848187162,0.1912384073613677,0.6066162135610168,0.16541582741565336,0.89324065395063
caformer_s36.sail_in22k_ft_in1k,red_central_it,"(14, 3, 224, 224)","(14, 9, 9, 32)",131,170,stages.2.blocks.1.norm2,0.8789925863194138,0.6105873540129241,0.1763020153432935,0.6008478847262716,0.1524962696847338,0.89324065395063
cait_s24_224.fb_dist_in1k,red_central_it,"(14, 3, 224, 224)","(14, 9, 9, 32)",131,170,blocks.3.norm2,0.8789925863194138,0.6061125090230413,0.1858611988466137,0.5964444179184868,0.16076469374471788,0.89324065395063
cait_xxs24_224.fb_dist_in1k,red_central_it,"(14, 3, 224, 224)","(14, 9, 9, 32)",131,170,blocks.18.norm2,0.8789925863194138,0.5909127376166923,0.1902388535347887,0.5814870978269306,0.16455124155368467,0.89324065395063
cait_xxs36_224.fb_dist_in1k,red_central_it,"(14, 3, 224, 224)","(14, 9, 9, 32)",131,170,blocks.3,0.8789925863194138,0.6084296680931359,0.1853170104850575,0.5987246160206756,0.16029398616385684,0.89324065395063
coat_lite_medium.in1k,red_central_it,"(14, 3, 224, 224)","(14, 9, 9, 32)",131,170,serial_blocks3.4.norm2,0.8789925863194138,0.5411073981941362,0.1589567409824128,0.5324762025906639,0.1374930966833244,0.89324065395063
coat_lite_mini.in1k,red_central_it,"(14, 3, 224, 224)","(14, 9, 9, 32)",131,170,serial_blocks3.0.factoratt_crpe,0.8789925863194138,0.4074695790860237,0.1235517714176724,0.4009700382346265,0.10686879680557587,0.89324065395063
coat_lite_small.in1k,red_central_it,"(14, 3, 224, 224)","(14, 9, 9, 32)",131,170,serial_blocks3.1.norm2,0.8789925863194138,0.5458009240207423,0.1526061768505142,0.5370948620605825,0.13200003786251355,0.89324065395063
coat_lite_tiny.in1k,red_central_it,"(14, 3, 224, 224)","(14, 9, 9, 32)",131,170,serial_blocks3.0.factoratt_crpe,0.8789925863194138,0.4713099287010247,0.1088797424006016,0.4637920714363608,0.094177905612683,0.89324065395063
coat_mini.in1k,red_central_it,"(14, 3, 224, 224)","(14, 9, 9, 32)",131,170,crpe4.conv_list.2,0.8789925863194138,0.5041605233871133,0.2562844646517699,0.49611866680295696,0.22167883198296412,0.89324065395063
coat_small.in1k,red_central_it,"(14, 3, 224, 224)","(14, 9, 9, 32)",131,170,serial_blocks4.1.factoratt_crpe.qkv,0.8789925863194138,0.528622230385242,0.200067127927675,0.5201901854972475,0.17305242164192555,0.89324065395063
coat_tiny.in1k,red_central_it,"(14, 3, 224, 224)","(14, 9, 9, 32)",131,170,crpe4.conv_list.2,0.8789925863194138,0.499907284609605,0.1944301808024285,0.4919332713703363,0.16817662140029846,0.89324065395063
coatnet_0_rw_224.sw_in1k,red_central_it,"(14, 3, 224, 224)","(14, 9, 9, 32)",131,170,stages.2.blocks.3.norm1,0.8789925863194138,0.5997610364105663,0.1512192978138775,0.5901942575458211,0.130800426620525,0.89324065395063
coatnet_1_rw_224.sw_in1k,red_central_it,"(14, 3, 224, 224)","(14, 9, 9, 32)",131,170,stages.2.blocks.4,0.8789925863194138,0.6021532809587519,0.1723395471081207,0.5925483434388198,0.14906884644495122,0.89324065395063
coatnet_bn_0_rw_224.sw_in1k,red_central_it,"(14, 3, 224, 224)","(14, 9, 9, 32)",131,170,stages.2.blocks.0.shortcut.pool,0.8789925863194138,0.4859733406837013,0.1096105519935456,0.47822158756498107,0.09481003529399588,0.89324065395063
coatnet_nano_rw_224.sw_in1k,red_central_it,"(14, 3, 224, 224)","(14, 9, 9, 32)",131,170,stages.2.blocks.1.attn.proj_drop,0.8789925863194138,0.5085815619186612,0.1228371565584685,0.500469185418378,0.10625067511208484,0.89324065395063
coatnet_rmlp_1_rw_224.sw_in1k,red_central_it,"(14, 3, 224, 224)","(14, 9, 9, 32)",131,170,stages.2.blocks.2,0.8789925863194138,0.5952488118421682,0.1683808300332103,0.5857540074005902,0.14564466785297314,0.89324065395063
coatnet_rmlp_1_rw2_224.sw_in12k_ft_in1k,red_central_it,"(14, 3, 224, 224)","(14, 9, 9, 32)",131,170,stages.2.blocks.1.norm1,0.8789925863194138,0.5907478426088181,0.1708828125540252,0.5813248330567352,0.14780881215102748,0.89324065395063
coatnet_rmlp_2_rw_224.sw_in1k,red_central_it,"(14, 3, 224, 224)","(14, 9, 9, 32)",131,170,stages.2.blocks.1.norm1,0.8789925863194138,0.618386631498834,0.1528260338502282,0.6085227560595927,0.1321902079649663,0.89324065395063
coatnet_rmlp_nano_rw_224.sw_in1k,red_central_it,"(14, 3, 224, 224)","(14, 9, 9, 32)",131,170,stages.2.blocks.1.attn.qkv,0.8789925863194138,0.5726899589630577,0.1398427634218694,0.5635549904291748,0.12096004531040115,0.89324065395063
convit_base.fb_in1k,red_central_it,"(14, 3, 224, 224)","(14, 9, 9, 32)",131,170,blocks.5.attn.v,0.8789925863194138,0.5843974985862981,0.1470714974439331,0.5750757832719038,0.1272126963124974,0.89324065395063
convit_small.fb_in1k,red_central_it,"(14, 3, 224, 224)","(14, 9, 9, 32)",131,170,blocks.5.attn.v,0.8789925863194138,0.5742679232953546,0.1784805287847675,0.5651077846772096,0.15438062235441793,0.89324065395063
convit_tiny.fb_in1k,red_central_it,"(14, 3, 224, 224)","(14, 9, 9, 32)",131,170,blocks.4.mlp.fc1,0.8789925863194138,0.5951454019103138,0.1893394230495141,0.5856522469589336,0.16377325955740382,0.89324065395063
convmixer_1024_20_ks9_p14.in1k,red_central_it,"(14, 3, 224, 224)","(14, 9, 9, 32)",131,170,blocks.11.0.fn.2,0.8789925863194138,0.1984151683474034,0.1332049173338212,0.19525025111578218,0.11521849570191983,0.89324065395063
convmixer_1536_20.in1k,red_central_it,"(14, 3, 224, 224)","(14, 9, 9, 32)",131,170,blocks.10.0.fn.1,0.8789925863194138,0.4628639861348816,0.1528012117092068,0.455480849967337,0.13216873751323052,0.89324065395063
convmixer_768_32.in1k,red_central_it,"(14, 3, 224, 224)","(14, 9, 9, 32)",131,170,blocks.19.0.fn.0,0.8789925863194138,0.6238114070387881,0.1858255255095182,0.6138610010901757,0.16073383731449684,0.89324065395063
davit_base.msft_in1k,red_central_it,"(14, 3, 224, 224)","(14, 9, 9, 32)",131,170,stages.2.blocks.3.0.cpe1,0.8789925863194138,0.615251217440814,0.1865536985444526,0.60543735494193,0.16136368644751034,0.89324065395063
davit_small.msft_in1k,red_central_it,"(14, 3, 224, 224)","(14, 9, 9, 32)",131,170,stages.2.blocks.3.1.cpe2,0.8789925863194138,0.6099722525370896,0.1786345323525349,0.6002425947244101,0.1545138310960023,0.89324065395063
davit_tiny.msft_in1k,red_central_it,"(14, 3, 224, 224)","(14, 9, 9, 32)",131,170,stages.2.blocks.2.1.cpe1.act,0.8789925863194138,0.5659121980295235,0.1655120550675385,0.5568853414537586,0.14316325843755578,0.89324065395063
deit_base_distilled_patch16_224.fb_in1k,red_central_it,"(14, 3, 224, 224)","(14, 9, 9, 32)",131,170,blocks.1.norm1,0.8789925863194138,0.5748494445831919,0.1670258914052996,0.5656800301281248,0.1444726841634742,0.89324065395063
deit_base_patch16_224.fb_in1k,red_central_it,"(14, 3, 224, 224)","(14, 9, 9, 32)",131,170,blocks.1.norm1,0.8789925863194138,0.5821505453503414,0.1659826956768219,0.5728646711516963,0.14357034928752774,0.89324065395063
deit_small_distilled_patch16_224.fb_in1k,red_central_it,"(14, 3, 224, 224)","(14, 9, 9, 32)",131,170,blocks.1.norm1,0.8789925863194138,0.5754371641866765,0.1477728608640096,0.566258375025452,0.12781935588497437,0.89324065395063
deit_small_patch16_224.fb_in1k,red_central_it,"(14, 3, 224, 224)","(14, 9, 9, 32)",131,170,blocks.1.norm1,0.8789925863194138,0.5995136318337784,0.1515994342507689,0.5899507993155487,0.1311292339145557,0.89324065395063
deit_tiny_distilled_patch16_224.fb_in1k,red_central_it,"(14, 3, 224, 224)","(14, 9, 9, 32)",131,170,blocks.1.norm2,0.8789925863194138,0.5965662172280346,0.1592232967190725,0.5870503988738538,0.1377236598758354,0.89324065395063
deit_tiny_patch16_224.fb_in1k,red_central_it,"(14, 3, 224, 224)","(14, 9, 9, 32)",131,170,blocks.1.norm1,0.8789925863194138,0.5781540158343839,0.1497597092838164,0.5689318902152304,0.12953792371790343,0.89324065395063
deit3_base_patch16_224.fb_in1k,red_central_it,"(14, 3, 224, 224)","(14, 9, 9, 32)",131,170,blocks.1.norm2,0.8789925863194138,0.5844364987046358,0.1576087571969057,0.5751141612999668,0.13632712873630423,0.89324065395063
deit3_base_patch16_224.fb_in22k_ft_in1k,red_central_it,"(14, 3, 224, 224)","(14, 9, 9, 32)",131,170,blocks.2,0.8789925863194138,0.5804723481219363,0.1756249884183479,0.5712132428209035,0.15191066049399765,0.89324065395063
deit3_medium_patch16_224.fb_in1k,red_central_it,"(14, 3, 224, 224)","(14, 9, 9, 32)",131,170,blocks.1.norm1,0.8789925863194138,0.5771852829780155,0.1837080439002529,0.5679786096014274,0.158902275457928,0.89324065395063
deit3_medium_patch16_224.fb_in22k_ft_in1k,red_central_it,"(14, 3, 224, 224)","(14, 9, 9, 32)",131,170,blocks.3.ls1,0.8789925863194138,0.6056559832221171,0.1932424282033555,0.5959951741534376,0.16714924890932445,0.89324065395063
deit3_small_patch16_224.fb_in1k,red_central_it,"(14, 3, 224, 224)","(14, 9, 9, 32)",131,170,blocks.1.norm1,0.8789925863194138,0.5820913054346404,0.1824795262387098,0.5728063761709594,0.1578396423379246,0.89324065395063
deit3_small_patch16_224.fb_in22k_ft_in1k,red_central_it,"(14, 3, 224, 224)","(14, 9, 9, 32)",131,170,blocks.1.norm2,0.8789925863194138,0.5800486532141494,0.1705976798347192,0.5707963062639312,0.14756218039259544,0.89324065395063
densenet121.tv_in1k,red_central_it,"(14, 3, 224, 224)","(14, 9, 9, 32)",131,170,features.denseblock3.denselayer17.norm1.drop,0.8789925863194138,0.6191418021059935,0.1779878989748342,0.6092658809522673,0.15395451146621258,0.89324065395063
densenet161.tv_in1k,red_central_it,"(14, 3, 224, 224)","(14, 9, 9, 32)",131,170,features.denseblock3.denselayer13.conv2,0.8789925863194138,0.5302443803516156,0.1650133165309796,0.5217864605750043,0.14273186367315016,0.89324065395063
densenet169.tv_in1k,red_central_it,"(14, 3, 224, 224)","(14, 9, 9, 32)",131,170,features.denseblock3.denselayer17.norm1.drop,0.8789925863194138,0.5445174329095569,0.1567972792448848,0.5358318438959377,0.13562522320009332,0.89324065395063
densenet201.tv_in1k,red_central_it,"(14, 3, 224, 224)","(14, 9, 9, 32)",131,170,features.denseblock3.denselayer16.norm1,0.8789925863194138,0.5699962191451846,0.158284495877649,0.5609042184127964,0.13691162363214748,0.89324065395063
dla102.in1k,red_central_it,"(14, 3, 224, 224)","(14, 9, 9, 32)",131,170,level4.tree2.tree1.tree1.tree1.bn2,0.8789925863194138,0.5798267366256356,0.1953145903932884,0.5705779294634326,0.16894161074665917,0.89324065395063
dla169.in1k,red_central_it,"(14, 3, 224, 224)","(14, 9, 9, 32)",131,170,level4.tree1.tree2.tree2.tree2.tree1.conv2,0.8789925863194138,0.6019273037595704,0.2039988531319199,0.5923259707983906,0.17645325302723508,0.89324065395063
dla34.in1k,red_central_it,"(14, 3, 224, 224)","(14, 9, 9, 32)",131,170,level4.tree1.tree1.bn2,0.8789925863194138,0.4895450057255991,0.1518798591748292,0.481736281033935,0.13137179356290998,0.89324065395063
dla46_c.in1k,red_central_it,"(14, 3, 224, 224)","(14, 9, 9, 32)",131,170,level4.tree2.tree2.bn2,0.8789925863194138,0.5229395307332825,0.1389217536597381,0.5145981304981158,0.12016339784840384,0.89324065395063
dla60.in1k,red_central_it,"(14, 3, 224, 224)","(14, 9, 9, 32)",131,170,level4.tree2.tree1.tree2.conv2,0.8789925863194138,0.5502313752374636,0.1949636327580612,0.5414546432195836,0.1686380422929162,0.89324065395063
dpn107.mx_in1k,red_central_it,"(14, 3, 224, 224)","(14, 9, 9, 32)",131,170,features.conv4_16.c1x1_a.conv,0.8789925863194138,0.6279866869922794,0.1749420442647838,0.6179696812187558,0.1513199330674352,0.89324065395063
dpn131.mx_in1k,red_central_it,"(14, 3, 224, 224)","(14, 9, 9, 32)",131,170,features.conv4_15.c1x1_a,0.8789925863194138,0.6249680879192849,0.1816162183866703,0.6149992317721283,0.15709290540035067,0.89324065395063
dpn68.mx_in1k,red_central_it,"(14, 3, 224, 224)","(14, 9, 9, 32)",131,170,features.conv5_1.c1x1_w_s2.bn.drop,0.8789925863194138,0.6067281143024166,0.1732092294183244,0.5970502036877269,0.14982109710900984,0.89324065395063
dpn68b.mx_in1k,red_central_it,"(14, 3, 224, 224)","(14, 9, 9, 32)",131,170,features.conv4_6.c1x1_c.bn.drop,0.8789925863194138,0.6005129805172025,0.167211531140992,0.5909342074038313,0.14463325729783813,0.89324065395063
dpn92.mx_in1k,red_central_it,"(14, 3, 224, 224)","(14, 9, 9, 32)",131,170,features.conv4_11.c1x1_a.conv,0.8789925863194138,0.6313372636343402,0.1814567263993627,0.6212668128654635,0.15695494933069568,0.89324065395063
dpn98.mx_in1k,red_central_it,"(14, 3, 224, 224)","(14, 9, 9, 32)",131,170,features.conv4_19.c1x1_a.conv,0.8789925863194138,0.6162169121180007,0.1855678286322048,0.6063876458384996,0.1605109367854066,0.89324065395063
efficientformer_l1.snap_dist_in1k,red_central_it,"(14, 3, 224, 224)","(14, 9, 9, 32)",131,170,stages.2.blocks.4.token_mixer.pool,0.8789925863194138,0.4957235935405724,0.1617010430864397,0.4878163142917867,0.1398668405848741,0.89324065395063
efficientformer_l3.snap_dist_in1k,red_central_it,"(14, 3, 224, 224)","(14, 9, 9, 32)",131,170,stages.2.blocks.11.token_mixer.pool,0.8789925863194138,0.5088324360384849,0.1908682354595596,0.5007160578490597,0.16509563916336412,0.89324065395063
efficientformer_l7.snap_dist_in1k,red_central_it,"(14, 3, 224, 224)","(14, 9, 9, 32)",131,170,stages.2.blocks.10,0.8789925863194138,0.5848135358271402,0.1458452900898578,0.5754851843092565,0.12615206154327846,0.89324065395063
efficientformerv2_l.snap_dist_in1k,red_central_it,"(14, 3, 224, 224)","(14, 9, 9, 32)",131,170,stages.2.blocks.13.mlp.mid.bn.drop,0.8789925863194138,0.5464674953883968,0.144794068537031,0.5377508009588287,0.12524278455568344,0.89324065395063
efficientformerv2_s0.snap_dist_in1k,red_central_it,"(14, 3, 224, 224)","(14, 9, 9, 32)",131,170,stages.2.blocks.4.mlp.fc1.bn.drop,0.8789925863194138,0.5851100235150074,0.1662913058661414,0.5757769427266747,0.14383728839520776,0.89324065395063
efficientformerv2_s1.snap_dist_in1k,red_central_it,"(14, 3, 224, 224)","(14, 9, 9, 32)",131,170,stages.2.blocks.7.mlp.mid.bn.drop,0.8789925863194138,0.5693225669766651,0.1685871515185834,0.5602413116594284,0.14582313011736614,0.89324065395063
efficientformerv2_s2.snap_dist_in1k,red_central_it,"(14, 3, 224, 224)","(14, 9, 9, 32)",131,170,stages.2.blocks.10.mlp.fc1.bn.drop,0.8789925863194138,0.5805944620148696,0.1590203924545083,0.5713334088770501,0.1375481534110402,0.89324065395063
efficientnet_b0.ra_in1k,red_central_it,"(14, 3, 224, 224)","(14, 9, 9, 32)",131,170,blocks.5.0.bn1.drop,0.8789925863194138,0.4388446889458683,0.1478328627407717,0.4318446842102505,0.12787125581568412,0.89324065395063
efficientnet_es_pruned.in1k,red_central_it,"(14, 3, 224, 224)","(14, 9, 9, 32)",131,170,blocks.4.0.bn2.drop,0.8789925863194138,0.5708308258507444,0.1816726943938712,0.5617255123199141,0.1571417555533569,0.89324065395063
efficientnet_es.ra_in1k,red_central_it,"(14, 3, 224, 224)","(14, 9, 9, 32)",131,170,blocks.4.0.bn2.drop,0.8789925863194138,0.6059646550452124,0.174619885121904,0.5962989223571343,0.15104127449714977,0.89324065395063
efficientnet_lite0.ra_in1k,red_central_it,"(14, 3, 224, 224)","(14, 9, 9, 32)",131,170,blocks.4.2.bn1.drop,0.8789925863194138,0.5148962967798754,0.1523811685804933,0.5066831940430759,0.13180541205656582,0.89324065395063
focalnet_base_srf.ms_in1k,red_central_it,"(14, 3, 224, 224)","(14, 9, 9, 32)",131,170,layers.2.blocks.4.modulation.focal_layers.1,0.8789925863194138,0.5840945202809753,0.1665643436691077,0.574777637768767,0.1440734583922109,0.89324065395063
focalnet_small_srf.ms_in1k,red_central_it,"(14, 3, 224, 224)","(14, 9, 9, 32)",131,170,layers.2.blocks.7.modulation.focal_layers.1,0.8789925863194138,0.5816060842569479,0.1950467146609277,0.5723288947486457,0.16870990579510467,0.89324065395063
focalnet_tiny_srf.ms_in1k,red_central_it,"(14, 3, 224, 224)","(14, 9, 9, 32)",131,170,layers.2.blocks.3.modulation.focal_layers.1,0.8789925863194138,0.619450747441685,0.1964758836270359,0.6095698983057652,0.16994609663306143,0.89324065395063
focalnet_base_lrf.ms_in1k,red_central_it,"(14, 3, 224, 224)","(14, 9, 9, 32)",131,170,layers.2.blocks.6.modulation.focal_layers.1,0.8789925863194138,0.6019006289697288,0.1837270938574125,0.5922997214977025,0.15891875313346018,0.89324065395063
focalnet_small_lrf.ms_in1k,red_central_it,"(14, 3, 224, 224)","(14, 9, 9, 32)",131,170,layers.2.blocks.9.modulation.focal_layers.1.0,0.8789925863194138,0.6040711636879581,0.201846508643053,0.5944356340507578,0.17459153576331396,0.89324065395063
focalnet_tiny_lrf.ms_in1k,red_central_it,"(14, 3, 224, 224)","(14, 9, 9, 32)",131,170,layers.2.blocks.2.modulation.h,0.8789925863194138,0.5853409834168006,0.1686397458647458,0.5760042185907047,0.14586862274307807,0.89324065395063
hrnet_w18_small_v2.ms_in1k,red_central_it,"(14, 3, 224, 224)","(14, 9, 9, 32)",131,170,stage3.2.branches.2.1.conv1,0.8789925863194138,0.494024712355266,0.1883480759740239,0.4861445319335641,0.16291577230360949,0.89324065395063
hrnet_w18_small.ms_in1k,red_central_it,"(14, 3, 224, 224)","(14, 9, 9, 32)",131,170,stage4.0.branches.3.0.act2,0.8789925863194138,0.4482541065342048,0.2078229672895422,0.4411040123265325,0.17976100389298924,0.89324065395063
hrnet_w18.ms_in1k,red_central_it,"(14, 3, 224, 224)","(14, 9, 9, 32)",131,170,stage4.0.branches.3.0.conv1,0.8789925863194138,0.5030296303370396,0.1953706525466065,0.4950058126101497,0.16899010292773178,0.89324065395063
hrnet_w30.ms_in1k,red_central_it,"(14, 3, 224, 224)","(14, 9, 9, 32)",131,170,stage3.0.branches.2.3.bn2,0.8789925863194138,0.5325542013130388,0.1388506975384148,0.5240594376185777,0.12010193630799562,0.89324065395063
hrnet_w32.ms_in1k,red_central_it,"(14, 3, 224, 224)","(14, 9, 9, 32)",131,170,stage4.0.branches.3.1.bn1,0.8789925863194138,0.5205523631051155,0.2075575877778034,0.5122490405432643,0.1795314581018528,0.89324065395063
hrnet_w40.ms_in1k,red_central_it,"(14, 3, 224, 224)","(14, 9, 9, 32)",131,170,stage4.2.branches.2.3.drop_block,0.8789925863194138,0.5201047428371581,0.1265144451202828,0.5118085602591653,0.10943142597950452,0.89324065395063
hrnet_w44.ms_in1k,red_central_it,"(14, 3, 224, 224)","(14, 9, 9, 32)",131,170,stage4.0.branches.3.1.bn1,0.8789925863194138,0.5318223668215839,0.2246472507895637,0.523339276607593,0.19431353449722485,0.89324065395063
hrnet_w48.ms_in1k,red_central_it,"(14, 3, 224, 224)","(14, 9, 9, 32)",131,170,stage3.0.branches.2.3.bn2,0.8789925863194138,0.5676779303617175,0.1505472690071112,0.5586229086172755,0.13021914066101403,0.89324065395063
lcnet_050.ra2_in1k,red_central_it,"(14, 3, 224, 224)","(14, 9, 9, 32)",131,170,blocks.4.1.conv_dw,0.8789925863194138,0.5101173971298066,0.1627761007410122,0.5019805225462107,0.14079673512804824,0.89324065395063
lcnet_075.ra2_in1k,red_central_it,"(14, 3, 224, 224)","(14, 9, 9, 32)",131,170,blocks.4.1.conv_dw,0.8789925863194138,0.5110672445251548,0.1414542529974403,0.5029152189406855,0.1223539383321677,0.89324065395063
lcnet_100.ra2_in1k,red_central_it,"(14, 3, 224, 224)","(14, 9, 9, 32)",131,170,blocks.4.1.conv_dw,0.8789925863194138,0.5476646339785276,0.1582142918330499,0.538928844010125,0.13685089911406811,0.89324065395063
levit_128.fb_dist_in1k,red_central_it,"(14, 3, 224, 224)","(14, 9, 9, 32)",131,170,stages.0.blocks,0.8789925863194138,0.5507939454963373,0.1535229734480899,0.5420082399291006,0.1327930410560262,0.89324065395063
levit_128s.fb_dist_in1k,red_central_it,"(14, 3, 224, 224)","(14, 9, 9, 32)",131,170,stages.0.blocks,0.8789925863194138,0.5599469016319829,0.1201634014378286,0.5510151974052926,0.10393795236099151,0.89324065395063
levit_192.fb_dist_in1k,red_central_it,"(14, 3, 224, 224)","(14, 9, 9, 32)",131,170,stages.0.blocks,0.8789925863194138,0.5621570732458153,0.1275157755049666,0.5531901146064523,0.11029754851411609,0.89324065395063
levit_256.fb_dist_in1k,red_central_it,"(14, 3, 224, 224)","(14, 9, 9, 32)",131,170,stages.0.blocks,0.8789925863194138,0.5883079864581084,0.1406008994498375,0.5789238950131359,0.12161581158711451,0.89324065395063
levit_384.fb_dist_in1k,red_central_it,"(14, 3, 224, 224)","(14, 9, 9, 32)",131,170,stages.0.blocks.3.attn.proj.act,0.8789925863194138,0.5880503131391126,0.1381559426463322,0.5786703318372013,0.11950099292580277,0.89324065395063
maxvit_rmlp_base_rw_224.sw_in12k_ft_in1k,red_central_it,"(14, 3, 224, 224)","(14, 9, 9, 32)",131,170,stages.2.blocks.1.attn_grid.norm2,0.8789925863194138,0.5769200991235377,0.1532648699094996,0.5677176556904442,0.13256978877640363,0.89324065395063
maxxvitv2_rmlp_base_rw_384.sw_in12k_ft_in1k,red_central_it,"(14, 3, 224, 224)","(14, 9, 9, 32)",131,170,stages.2.blocks.5.conv.conv_dw,0.8789925863194138,0.6036525736107666,0.1577033635806245,0.5940237208973081,0.13640896058931729,0.89324065395063
maxvit_rmlp_small_rw_224.sw_in1k,red_central_it,"(14, 3, 224, 224)","(14, 9, 9, 32)",131,170,stages.2.blocks.2.conv.down,0.8789925863194138,0.6141735981609131,0.1619587523942105,0.6043769247502246,0.14008975186595937,0.89324065395063
maxvit_small_tf_224.in1k,red_central_it,"(14, 3, 224, 224)","(14, 9, 9, 32)",131,170,stages.2.blocks.1.conv.pre_norm.act,0.8789925863194138,0.5764359341236214,0.1713504589901642,0.5672412135988314,0.148213313125697,0.89324065395063
maxvit_tiny_rw_224.sw_in1k,red_central_it,"(14, 3, 224, 224)","(14, 9, 9, 32)",131,170,stages.2.blocks.1.conv.pre_norm.act,0.8789925863194138,0.6064421412922982,0.1530230992989521,0.5967687922285981,0.1323606640187762,0.89324065395063
maxvit_tiny_tf_224.in1k,red_central_it,"(14, 3, 224, 224)","(14, 9, 9, 32)",131,170,stages.2.blocks.2.conv.shortcut,0.8789925863194138,0.594702144634557,0.168779712979914,0.5852160600730153,0.145989690349141,0.89324065395063
mixnet_l.ft_in1k,red_central_it,"(14, 3, 224, 224)","(14, 9, 9, 32)",131,170,blocks.4.1.conv_dw,0.8789925863194138,0.6114497949809804,0.1738532287614943,0.6016965689120023,0.15037813837323816,0.89324065395063
mixnet_m.ft_in1k,red_central_it,"(14, 3, 224, 224)","(14, 9, 9, 32)",131,170,blocks.4.3.bn2.drop,0.8789925863194138,0.5722242698322879,0.1943605278843972,0.56309672949841,0.16811637359115264,0.89324065395063
mixnet_s.ft_in1k,red_central_it,"(14, 3, 224, 224)","(14, 9, 9, 32)",131,170,blocks.4.1.conv_dw,0.8789925863194138,0.6071949551886476,0.1698099238207448,0.5975095980023195,0.14688079366358447,0.89324065395063
mixnet_xl.ra_in1k,red_central_it,"(14, 3, 224, 224)","(14, 9, 9, 32)",131,170,blocks.3.1.bn2.drop,0.8789925863194138,0.581239197036486,0.1718646279554383,0.5719678597404706,0.14865805477563945,0.89324065395063
mobilenetv2_050.lamb_in1k,red_central_it,"(14, 3, 224, 224)","(14, 9, 9, 32)",131,170,blocks.5.2.bn2.drop,0.8789925863194138,0.5311945083355565,0.1889733667916457,0.5227214330824076,0.1634566312210176,0.89324065395063
mobilenetv2_100.ra_in1k,red_central_it,"(14, 3, 224, 224)","(14, 9, 9, 32)",131,170,blocks.5.2.bn2.drop,0.8789925863194138,0.5133536957807269,0.1760396942049921,0.5051651990482182,0.15226936930034213,0.89324065395063
mobilenetv2_110d.ra_in1k,red_central_it,"(14, 3, 224, 224)","(14, 9, 9, 32)",131,170,blocks.4.3.bn1.drop,0.8789925863194138,0.5351433892481022,0.1742678889043032,0.5266073254575858,0.1507368076989527,0.89324065395063
mobilenetv2_120d.ra_in1k,red_central_it,"(14, 3, 224, 224)","(14, 9, 9, 32)",131,170,blocks.4.3.bn1.drop,0.8789925863194138,0.5438476315699403,0.1774282154314413,0.5351727265469615,0.1534704009901913,0.89324065395063
mobilenetv2_140.ra_in1k,red_central_it,"(14, 3, 224, 224)","(14, 9, 9, 32)",131,170,blocks.4.2.bn1.drop,0.8789925863194138,0.589630940027827,0.1920257046643825,0.5802257461712581,0.1660968173726248,0.89324065395063
mobilenetv3_large_100.miil_in21k_ft_in1k,red_central_it,"(14, 3, 224, 224)","(14, 9, 9, 32)",131,170,blocks.3.3.bn2.drop,0.8789925863194138,0.4944311126818471,0.1447230548122043,0.48654444977492367,0.12518135968704874,0.89324065395063
mobilenetv3_large_100.ra_in1k,red_central_it,"(14, 3, 224, 224)","(14, 9, 9, 32)",131,170,blocks.3.3.bn2.drop,0.8789925863194138,0.4742900183852014,0.1359983341593658,0.4667246257568262,0.11763472245202615,0.89324065395063
mobilenetv3_rw.rmsp_in1k,red_central_it,"(14, 3, 224, 224)","(14, 9, 9, 32)",131,170,blocks.3.3.bn2.drop,0.8789925863194138,0.4364624132148889,0.0961687134918554,0.4295004081220113,0.08318322419248365,0.89324065395063
mobilenetv3_small_075.lamb_in1k,red_central_it,"(14, 3, 224, 224)","(14, 9, 9, 32)",131,170,blocks.3.0.bn2.act,0.8789925863194138,0.4658319588268076,0.1673621729532721,0.45840148057350466,0.14476355821576317,0.89324065395063
mobilenetv3_small_100.lamb_in1k,red_central_it,"(14, 3, 224, 224)","(14, 9, 9, 32)",131,170,blocks.2.2.bn2.act,0.8789925863194138,0.4405414376611738,0.1536058924005342,0.43351436811346766,0.1328647636106964,0.89324065395063
mvitv2_base.fb_in1k,red_central_it,"(14, 3, 224, 224)","(14, 9, 9, 32)",131,170,stages.2.blocks.9.norm2,0.8789925863194138,0.5529738648490524,0.1609256698824257,0.5441533874224844,0.1391961646371523,0.89324065395063
mvitv2_small.fb_in1k,red_central_it,"(14, 3, 224, 224)","(14, 9, 9, 32)",131,170,stages.2.blocks.3_0,0.8789925863194138,0.5891508410157389,0.1580288979827147,0.5797533052109656,0.13669053866360156,0.89324065395063
mvitv2_tiny.fb_in1k,red_central_it,"(14, 3, 224, 224)","(14, 9, 9, 32)",131,170,stages.2.blocks.1.norm2,0.8789925863194138,0.5974692594996399,0.1662286620661045,0.5879390367323787,0.1437831032753956,0.89324065395063
pit_b_224.in1k,red_central_it,"(14, 3, 224, 224)","(14, 9, 9, 32)",131,170,transformers.1.blocks.2.norm2,0.8789925863194138,0.5786812664117246,0.1924822866347862,0.5694507306268992,0.16649174789656856,0.89324065395063
pit_b_distilled_224.in1k,red_central_it,"(14, 3, 224, 224)","(14, 9, 9, 32)",131,170,transformers.1.blocks.2.norm2,0.8789925863194138,0.5951252410827942,0.1744239706167355,0.585632407716457,0.1508718139770465,0.89324065395063
pit_s_224.in1k,red_central_it,"(14, 3, 224, 224)","(14, 9, 9, 32)",131,170,transformers.1.blocks.1.attn.qkv,0.8789925863194138,0.5982780040204724,0.1497317241855508,0.5887348809820713,0.12951371739738035,0.89324065395063
pit_s_distilled_224.in1k,red_central_it,"(14, 3, 224, 224)","(14, 9, 9, 32)",131,170,transformers.1.blocks.3.norm1,0.8789925863194138,0.5947564763249885,0.1743921135263952,0.5852695251195067,0.15084425849261004,0.89324065395063
pit_ti_224.in1k,red_central_it,"(14, 3, 224, 224)","(14, 9, 9, 32)",131,170,transformers.1.blocks.3.norm2,0.8789925863194138,0.5804595662622938,0.1451884249530732,0.5712006648445033,0.12558389173052528,0.89324065395063
pit_ti_distilled_224.in1k,red_central_it,"(14, 3, 224, 224)","(14, 9, 9, 32)",131,170,transformers.1.blocks.3.norm2,0.8789925863194138,0.5896961302145692,0.1653448320325529,0.5802898965103562,0.14301861522975692,0.89324065395063
pit_xs_224.in1k,red_central_it,"(14, 3, 224, 224)","(14, 9, 9, 32)",131,170,transformers.1.blocks.0.attn.q_norm,0.8789925863194138,0.6014185530781697,0.1751420224365348,0.5918253351911125,0.15149290854449377,0.89324065395063
pit_xs_distilled_224.in1k,red_central_it,"(14, 3, 224, 224)","(14, 9, 9, 32)",131,170,transformers.1.blocks.1.attn.qkv,0.8789925863194138,0.5983702050305534,0.1735303400274783,0.5888256112952897,0.15009884872720214,0.89324065395063
poolformer_m36.sail_in1k,red_central_it,"(14, 3, 224, 224)","(14, 9, 9, 32)",131,170,stages.2.blocks.7,0.8789925863194138,0.6183049396016238,0.1881694508291032,0.6084423672285509,0.16276126659237722,0.89324065395063
poolformer_s12.sail_in1k,red_central_it,"(14, 3, 224, 224)","(14, 9, 9, 32)",131,170,stages.2.blocks.3.res_scale1,0.8789925863194138,0.5309960888138099,0.1522229127935285,0.5225261785473336,0.13166852526533337,0.89324065395063
poolformer_s24.sail_in1k,red_central_it,"(14, 3, 224, 224)","(14, 9, 9, 32)",131,170,stages.2.blocks.4.res_scale1,0.8789925863194138,0.5730609841082362,0.1493474753282573,0.5639200973580943,0.1291813529757157,0.89324065395063
poolformer_s36.sail_in1k,red_central_it,"(14, 3, 224, 224)","(14, 9, 9, 32)",131,170,stages.2.blocks.5.res_scale1,0.8789925863194138,0.6144587301366142,0.1612890225322944,0.604657508590263,0.13951045442888918,0.89324065395063
poolformerv2_m36.sail_in1k,red_central_it,"(14, 3, 224, 224)","(14, 9, 9, 32)",131,170,stages.2.blocks.4.res_scale2,0.8789925863194138,0.5929782995037257,0.2011469870440009,0.5835197119687705,0.1739864693140642,0.89324065395063
poolformerv2_s12.sail_in1k,red_central_it,"(14, 3, 224, 224)","(14, 9, 9, 32)",131,170,stages.2.blocks.2.res_scale2,0.8789925863194138,0.5601765902138763,0.175026433159934,0.5512412222282265,0.15139292708107796,0.89324065395063
poolformerv2_s24.sail_in1k,red_central_it,"(14, 3, 224, 224)","(14, 9, 9, 32)",131,170,stages.2.blocks.6.res_scale1,0.8789925863194138,0.5536219175339373,0.1761522384530952,0.5447911030291789,0.15236671690000952,0.89324065395063
poolformerv2_s36.sail_in1k,red_central_it,"(14, 3, 224, 224)","(14, 9, 9, 32)",131,170,stages.2.blocks.3.norm2,0.8789925863194138,0.5996315165879232,0.1728357970334995,0.5900668036918332,0.14949808863089128,0.89324065395063
pvt_v2_b0.in1k,red_central_it,"(14, 3, 224, 224)","(14, 9, 9, 32)",131,170,stages.2.blocks.1.norm2,0.8789925863194138,0.4996133082021099,0.1440781972737354,0.49164398417589655,0.124623576108097,0.89324065395063
pvt_v2_b1.in1k,red_central_it,"(14, 3, 224, 224)","(14, 9, 9, 32)",131,170,stages.2.blocks.1.norm1,0.8789925863194138,0.5147585931902529,0.1579776805666439,0.5065476869612471,0.13664623704357484,0.89324065395063
pvt_v2_b2_li.in1k,red_central_it,"(14, 3, 224, 224)","(14, 9, 9, 32)",131,170,stages.2.blocks.3.norm1,0.8789925863194138,0.5764072746415111,0.1621711712449053,0.5672130112636697,0.1402734881793452,0.89324065395063
pvt_v2_b2.in1k,red_central_it,"(14, 3, 224, 224)","(14, 9, 9, 32)",131,170,stages.2.blocks.3.norm2,0.8789925863194138,0.5488541612161549,0.1526830302511703,0.5400993971174819,0.13206651388599985,0.89324065395063
pvt_v2_b3.in1k,red_central_it,"(14, 3, 224, 224)","(14, 9, 9, 32)",131,170,stages.2.blocks.4.norm2,0.8789925863194138,0.580107777707731,0.1628907313470304,0.570854487663645,0.14089588736845474,0.89324065395063
pvt_v2_b4.in1k,red_central_it,"(14, 3, 224, 224)","(14, 9, 9, 32)",131,170,stages.2.blocks.8.norm2,0.8789925863194138,0.5675990867698795,0.1446525664491066,0.5585453226583316,0.12512038924148888,0.89324065395063
pvt_v2_b5.in1k,red_central_it,"(14, 3, 224, 224)","(14, 9, 9, 32)",131,170,stages.2.blocks.11.norm2,0.8789925863194138,0.5914834430546965,0.1510400583092767,0.5820486999514636,0.1306453895055009,0.89324065395063
regnetx_004_tv.tv2_in1k,red_central_it,"(14, 3, 224, 224)","(14, 9, 9, 32)",131,170,s3.b7.conv2.bn.drop,0.8789925863194138,0.4989330673772764,0.1399470325424092,0.4909745938617679,0.12105023515817269,0.89324065395063
regnetx_008.tv2_in1k,red_central_it,"(14, 3, 224, 224)","(14, 9, 9, 32)",131,170,s3.b7.conv2.bn.drop,0.8789925863194138,0.5713502242384664,0.1491793123327023,0.5622366257921174,0.12903589672854116,0.89324065395063
regnetx_016.tv2_in1k,red_central_it,"(14, 3, 224, 224)","(14, 9, 9, 32)",131,170,s3.b9.conv2.bn.drop,0.8789925863194138,0.6125627435717086,0.1861543549250405,0.6027917648772532,0.16101826548244558,0.89324065395063
regnety_004.tv2_in1k,red_central_it,"(14, 3, 224, 224)","(14, 9, 9, 32)",131,170,s3.b5.conv2.bn.drop,0.8789925863194138,0.4973799168576749,0.1105845127734227,0.48944621762169216,0.09565248389256287,0.89324065395063
regnety_008_tv.tv2_in1k,red_central_it,"(14, 3, 224, 224)","(14, 9, 9, 32)",131,170,s3.b5.conv2.bn.drop,0.8789925863194138,0.5736425709585308,0.1636576056265984,0.5644924073256811,0.14155921198629065,0.89324065395063
regnety_016.tv2_in1k,red_central_it,"(14, 3, 224, 224)","(14, 9, 9, 32)",131,170,s3.b9.conv2.bn.drop,0.8789925863194138,0.6045073764123396,0.1733187557824144,0.5948648887528292,0.14991583432414227,0.89324065395063
repvgg_b0.rvgg_in1k,red_central_it,"(14, 3, 224, 224)","(14, 9, 9, 32)",131,170,stages.2.12.conv_kxk.bn,0.8789925863194138,0.5926962368755583,0.1297949199210356,0.5832421485171515,0.11226894413796387,0.89324065395063
repvgg_b1.rvgg_in1k,red_central_it,"(14, 3, 224, 224)","(14, 9, 9, 32)",131,170,stages.2.9.conv_kxk.bn.drop,0.8789925863194138,0.6045773824278938,0.1727629696122412,0.5949337781035295,0.14943509496600876,0.89324065395063
repvgg_b1g4.rvgg_in1k,red_central_it,"(14, 3, 224, 224)","(14, 9, 9, 32)",131,170,stages.2.8.attn,0.8789925863194138,0.623839418377908,0.1869133345772425,0.6138885656208656,0.1616747614703221,0.89324065395063
repvgg_b2.rvgg_in1k,red_central_it,"(14, 3, 224, 224)","(14, 9, 9, 32)",131,170,stages.2.9.conv_kxk.bn.drop,0.8789925863194138,0.6358062023670301,0.2061541709624786,0.625664467626671,0.17831754214783985,0.89324065395063
repvgg_b2g4.rvgg_in1k,red_central_it,"(14, 3, 224, 224)","(14, 9, 9, 32)",131,170,stages.2.8.conv_kxk,0.8789925863194138,0.6339015465397974,0.1910749836896191,0.6237901929346011,0.1652744705498721,0.89324065395063
repvgg_b3g4.rvgg_in1k,red_central_it,"(14, 3, 224, 224)","(14, 9, 9, 32)",131,170,stages.2.8.attn,0.8789925863194138,0.6439910923530086,0.1661941452592756,0.6337188005611332,0.14375324721122873,0.89324065395063
res2net50_14w_8s.in1k,red_central_it,"(14, 3, 224, 224)","(14, 9, 9, 32)",131,170,layer3.5.bns.4,0.8789925863194138,0.5547882257280988,0.1999556251312062,0.5459388074596673,0.17295597486854186,0.89324065395063
res2net50_26w_4s.in1k,red_central_it,"(14, 3, 224, 224)","(14, 9, 9, 32)",131,170,layer3.3.bns.2,0.8789925863194138,0.5541722651028533,0.1802167052663844,0.5453326720126734,0.15588236603242073,0.89324065395063
res2net50_26w_6s.in1k,red_central_it,"(14, 3, 224, 224)","(14, 9, 9, 32)",131,170,layer3.5.bns.4,0.8789925863194138,0.5858815040511299,0.1746735037158266,0.5765361173888917,0.15108765306827962,0.89324065395063
res2net50_26w_8s.in1k,red_central_it,"(14, 3, 224, 224)","(14, 9, 9, 32)",131,170,layer3.4.bns.6,0.8789925863194138,0.579662565004502,0.1790380882405639,0.5704163765412473,0.15486289555459004,0.89324065395063
res2net50_48w_2s.in1k,red_central_it,"(14, 3, 224, 224)","(14, 9, 9, 32)",131,170,layer1.2,0.8789925863194138,0.3834931442903762,0.1164761867692497,0.37737605117354295,0.10074861569124197,0.89324065395063
resnest50d_1s4x24d.in1k,red_central_it,"(14, 3, 224, 224)","(14, 9, 9, 32)",131,170,layer3.0.conv2.conv,0.8789925863194138,0.541544606960199,0.1533325923464733,0.5329064374465712,0.1326283667738947,0.89324065395063
resnest50d_4s2x40d.in1k,red_central_it,"(14, 3, 224, 224)","(14, 9, 9, 32)",131,170,layer3.3.conv1,0.8789925863194138,0.5276143983597136,0.169454819148518,0.5191984293845172,0.14657363813982735,0.89324065395063
resnest50d.in1k,red_central_it,"(14, 3, 224, 224)","(14, 9, 9, 32)",131,170,layer3.4.conv1,0.8789925863194138,0.5180035163198694,0.1436632930667978,0.5097408503730267,0.12426469567379633,0.89324065395063
resnet101.a3_in1k,red_central_it,"(14, 3, 224, 224)","(14, 9, 9, 32)",131,170,layer3.17.bn2,0.8789925863194138,0.6068727676664334,0.2068646938886094,0.5971925496882079,0.17893212443465856,0.89324065395063
resnet10t.c3_in1k,red_central_it,"(14, 3, 224, 224)","(14, 9, 9, 32)",131,170,layer3.0.drop_block,0.8789925863194138,0.4245534641475616,0.1212825504628601,0.4177814185140722,0.10490598469576824,0.89324065395063
resnet14t.c3_in1k,red_central_it,"(14, 3, 224, 224)","(14, 9, 9, 32)",131,170,layer4.0.drop_block,0.8789925863194138,0.4477859889828252,0.2107495632829735,0.44064336171085716,0.18229242686625213,0.89324065395063
resnet152.a3_in1k,red_central_it,"(14, 3, 224, 224)","(14, 9, 9, 32)",131,170,layer3.13.bn2,0.8789925863194138,0.6103272315738375,0.1580379885342462,0.6005919114961223,0.13669840173422632,0.89324065395063
resnet18.a3_in1k,red_central_it,"(14, 3, 224, 224)","(14, 9, 9, 32)",131,170,layer3.1.conv1,0.8789925863194138,0.5855713879605569,0.1615593684740948,0.5762309479552049,0.13974429604192287,0.89324065395063
resnet18.fb_ssl_yfcc100m_ft_in1k,red_central_it,"(14, 3, 224, 224)","(14, 9, 9, 32)",131,170,layer3.1.conv1,0.8789925863194138,0.5490259909704354,0.1665138985294672,0.5402684860180526,0.14402982476950998,0.89324065395063
resnet18.fb_swsl_ig1b_ft_in1k,red_central_it,"(14, 3, 224, 224)","(14, 9, 9, 32)",131,170,layer3.1.conv1,0.8789925863194138,0.538059315934284,0.1756490994831527,0.5294767402430287,0.151931515884866,0.89324065395063
resnet18.tv_in1k,red_central_it,"(14, 3, 224, 224)","(14, 9, 9, 32)",131,170,layer3.1.conv1,0.8789925863194138,0.5157313342135711,0.1556956900897141,0.5075049118077919,0.13467237965737158,0.89324065395063
resnet34.a3_in1k,red_central_it,"(14, 3, 224, 224)","(14, 9, 9, 32)",131,170,layer3.3.conv2,0.8789925863194138,0.548298535395329,0.1643442564900449,0.5395526340753907,0.14215314561233283,0.89324065395063
resnet50.a1h_in1k,red_central_it,"(14, 3, 224, 224)","(14, 9, 9, 32)",131,170,layer3.2.bn2,0.8789925863194138,0.5948525472720104,0.1358550004612694,0.5853640636403626,0.11751074284670367,0.89324065395063
resnet50.a3_in1k,red_central_it,"(14, 3, 224, 224)","(14, 9, 9, 32)",131,170,layer3.2.bn2,0.8789925863194138,0.5953592299497997,0.1635889568736208,0.5858626642307226,0.14149983275158814,0.89324065395063
resnet50.am_in1k,red_central_it,"(14, 3, 224, 224)","(14, 9, 9, 32)",131,170,layer3.4.conv1,0.8789925863194138,0.5718170027584983,0.1692600291044386,0.5626959587353131,0.14640515024684442,0.89324065395063
resnet50.tv_in1k,red_central_it,"(14, 3, 224, 224)","(14, 9, 9, 32)",131,170,layer3.2.bn2,0.8789925863194138,0.5425690969841723,0.1516687822698186,0.533914585846275,0.13118921799468383,0.89324065395063
resnet50d.a3_in1k,red_central_it,"(14, 3, 224, 224)","(14, 9, 9, 32)",131,170,layer3.2.bn2,0.8789925863194138,0.5840556167000135,0.1527637117824633,0.5747393547382136,0.13213630113449318,0.89324065395063
resnetrs50.tf_in1k,red_central_it,"(14, 3, 224, 224)","(14, 9, 9, 32)",131,170,layer3.1.drop_block,0.8789925863194138,0.5245475273760432,0.1546697495231462,0.5161804780117022,0.13378497000969847,0.89324065395063
resnet18.gluon_in1k,red_central_it,"(14, 3, 224, 224)","(14, 9, 9, 32)",131,170,layer3.1.conv1,0.8789925863194138,0.5116444322287951,0.1800296417356059,0.5034831999323371,0.15572056135547344,0.89324065395063
resnet34.gluon_in1k,red_central_it,"(14, 3, 224, 224)","(14, 9, 9, 32)",131,170,layer3.4.bn2,0.8789925863194138,0.548615457679313,0.1825666218531377,0.5398645011370041,0.15791497758738443,0.89324065395063
rexnet_100.nav_in1k,red_central_it,"(14, 3, 224, 224)","(14, 9, 9, 32)",131,170,features.13.conv_dw.conv,0.8789925863194138,0.5324762791709559,0.1853735947708551,0.5239827584113583,0.1603429299747946,0.89324065395063
rexnet_130.nav_in1k,red_central_it,"(14, 3, 224, 224)","(14, 9, 9, 32)",131,170,features.8.conv_exp.conv,0.8789925863194138,0.5243455541681608,0.1436667692122421,0.5159817264752842,0.12426770244154149,0.89324065395063
rexnet_150.nav_in1k,red_central_it,"(14, 3, 224, 224)","(14, 9, 9, 32)",131,170,features.9.conv_dw.bn.drop,0.8789925863194138,0.5710286124678746,0.1514047950511398,0.5619201440458232,0.13096087649776686,0.89324065395063
rexnet_200.nav_in1k,red_central_it,"(14, 3, 224, 224)","(14, 9, 9, 32)",131,170,features.6.conv_dw.bn,0.8789925863194138,0.4563651815798801,0.1352420457176399,0.44908570774164414,0.11698055428529075,0.89324065395063
rexnet_300.nav_in1k,red_central_it,"(14, 3, 224, 224)","(14, 9, 9, 32)",131,170,features.6.conv_pwl,0.8789925863194138,0.4542956206560691,0.1144197270666979,0.44704915835159953,0.09896983606251518,0.89324065395063
skresnet18.ra_in1k,red_central_it,"(14, 3, 224, 224)","(14, 9, 9, 32)",131,170,layer3.1.conv1.paths.0.bn.drop,0.8789925863194138,0.457235651030681,0.1304445979090322,0.44994229234791727,0.11283089726976926,0.89324065395063
skresnet34.ra_in1k,red_central_it,"(14, 3, 224, 224)","(14, 9, 9, 32)",131,170,layer3.4.conv1.paths.1.conv,0.8789925863194138,0.541772793458684,0.1997750277628822,0.5331309841458054,0.1727997632397033,0.89324065395063
swin_base_patch4_window7_224.ms_in1k,red_central_it,"(14, 3, 224, 224)","(14, 9, 9, 32)",131,170,layers.2.blocks.2,0.8789925863194138,0.5558668144276745,0.1446986592210078,0.5470001916078493,0.1251602581888783,0.89324065395063
swin_base_patch4_window7_224.ms_in22k_ft_in1k,red_central_it,"(14, 3, 224, 224)","(14, 9, 9, 32)",131,170,layers.2.blocks.9.norm1,0.8789925863194138,0.5490863573442312,0.1670009377209896,0.5403278894887688,0.14445109993050467,0.89324065395063
swin_s3_base_224.ms_in1k,red_central_it,"(14, 3, 224, 224)","(14, 9, 9, 32)",131,170,layers.2.blocks.9.norm1,0.8789925863194138,0.5846381297388552,0.1601145368976504,0.5753125761207287,0.1384945574878771,0.89324065395063
swin_s3_small_224.ms_in1k,red_central_it,"(14, 3, 224, 224)","(14, 9, 9, 32)",131,170,layers.2.blocks.5.norm2,0.8789925863194138,0.5997410358921684,0.1626488939521505,0.5901745760553778,0.14068670484426382,0.89324065395063
swin_s3_tiny_224.ms_in1k,red_central_it,"(14, 3, 224, 224)","(14, 9, 9, 32)",131,170,layers.2.blocks.2,0.8789925863194138,0.590448227009989,0.165067223977628,0.5810299966216138,0.14277849209373916,0.89324065395063
swin_small_patch4_window7_224.ms_in1k,red_central_it,"(14, 3, 224, 224)","(14, 9, 9, 32)",131,170,layers.2.blocks.9.norm1,0.8789925863194138,0.5506049950309407,0.1739325489844588,0.5418223034096076,0.15044674812843067,0.89324065395063
swin_small_patch4_window7_224.ms_in22k_ft_in1k,red_central_it,"(14, 3, 224, 224)","(14, 9, 9, 32)",131,170,layers.2.blocks.9.norm1,0.8789925863194138,0.5436879977289211,0.1454364074421112,0.5350156390228312,0.12579838958780615,0.89324065395063
swin_tiny_patch4_window7_224.ms_in1k,red_central_it,"(14, 3, 224, 224)","(14, 9, 9, 32)",131,170,layers.2.blocks.2,0.8789925863194138,0.6087807852062747,0.164465165511314,0.5990701324702615,0.1422577285048135,0.89324065395063
swin_tiny_patch4_window7_224.ms_in22k_ft_in1k,red_central_it,"(14, 3, 224, 224)","(14, 9, 9, 32)",131,170,layers.2.blocks.2,0.8789925863194138,0.5714268103393795,0.1704564893081282,0.5623119902693385,0.14744005457016496,0.89324065395063
tresnet_l.miil_in1k,red_central_it,"(14, 3, 224, 224)","(14, 9, 9, 32)",131,170,body.layer3.10.conv1.conv,0.8789925863194138,0.5596351205359802,0.1632555408802095,0.5507083895246516,0.14121143732315558,0.89324065395063
tresnet_m.miil_in1k,red_central_it,"(14, 3, 224, 224)","(14, 9, 9, 32)",131,170,body.layer3.5.conv2.bn.act,0.8789925863194138,0.5635925619758443,0.183585725788036,0.5546027058783115,0.15879647374152886,0.89324065395063
tresnet_m.miil_in21k_ft_in1k,red_central_it,"(14, 3, 224, 224)","(14, 9, 9, 32)",131,170,body.layer3.7.conv1.conv,0.8789925863194138,0.5661722994981732,0.1429024650610959,0.55714129404797,0.12360660091228558,0.89324065395063
tresnet_v2_l.miil_in21k_ft_in1k,red_central_it,"(14, 3, 224, 224)","(14, 9, 9, 32)",131,170,body.layer3.8.conv2.conv,0.8789925863194138,0.6335833275072255,0.1966443116580031,0.623477049808816,0.17009178212839074,0.89324065395063
tresnet_xl.miil_in1k,red_central_it,"(14, 3, 224, 224)","(14, 9, 9, 32)",131,170,body.layer3.10.conv1.conv,0.8789925863194138,0.5588930019085848,0.1628626492386216,0.5499781084198172,0.1408715971368945,0.89324065395063
twins_pcpvt_base.in1k,red_central_it,"(14, 3, 224, 224)","(14, 9, 9, 32)",131,170,blocks.2.3.attn.proj_drop,0.8789925863194138,0.5713463298047593,0.1683529204789896,0.5622327934784611,0.14562052687591776,0.89324065395063
twins_pcpvt_large.in1k,red_central_it,"(14, 3, 224, 224)","(14, 9, 9, 32)",131,170,blocks.2.1.attn.proj_drop,0.8789925863194138,0.5457773237170167,0.1259907243465878,0.5370716382049306,0.10897842228474032,0.89324065395063
twins_pcpvt_small.in1k,red_central_it,"(14, 3, 224, 224)","(14, 9, 9, 32)",131,170,blocks.2.2.attn.proj_drop,0.8789925863194138,0.4870738538019352,0.195288976564524,0.4793045464157639,0.16891945550735965,0.89324065395063
twins_svt_base.in1k,red_central_it,"(14, 3, 224, 224)","(14, 9, 9, 32)",131,170,blocks.2.10.norm2,0.8789925863194138,0.506281886043098,0.1763496473077011,0.4982061916365596,0.15253746999021964,0.89324065395063
twins_svt_small.in1k,red_central_it,"(14, 3, 224, 224)","(14, 9, 9, 32)",131,170,pos_block.2,0.8789925863194138,0.5670641191786617,0.1370449462769103,0.5580188883267527,0.11854001240813695,0.89324065395063
vgg11_bn.tv_in1k,red_central_it,"(14, 3, 224, 224)","(14, 9, 9, 32)",131,170,features.18,0.8789925863194138,0.400868721773558,0.1098350823168651,0.39447447109339967,0.09500424768953011,0.89324065395063
vgg11.tv_in1k,red_central_it,"(14, 3, 224, 224)","(14, 9, 9, 32)",131,170,features.18,0.8789925863194138,0.4295914437206058,0.1733987795180804,0.42273903735413365,0.14998505259797504,0.89324065395063
vgg13_bn.tv_in1k,red_central_it,"(14, 3, 224, 224)","(14, 9, 9, 32)",131,170,features.28,0.8789925863194138,0.5111456401318595,0.1587215255129631,0.5029923640602998,0.13728964193782203,0.89324065395063
vgg13.tv_in1k,red_central_it,"(14, 3, 224, 224)","(14, 9, 9, 32)",131,170,features.18,0.8789925863194138,0.3531824290847025,0.1310086591867614,0.3475488217096913,0.11331879436249288,0.89324065395063
vgg16_bn.tv_in1k,red_central_it,"(14, 3, 224, 224)","(14, 9, 9, 32)",131,170,features.38,0.8789925863194138,0.4666379910723578,0.1411706969726404,0.45919465581137525,0.1221086703700039,0.89324065395063
vgg16.tv_in1k,red_central_it,"(14, 3, 224, 224)","(14, 9, 9, 32)",131,170,features.28,0.8789925863194138,0.5099384330465312,0.1808847660794726,0.5018044131162147,0.15646021978933966,0.89324065395063
vgg19_bn.tv_in1k,red_central_it,"(14, 3, 224, 224)","(14, 9, 9, 32)",131,170,features.8,0.8789925863194138,0.3992676897651201,0.0953888726200703,0.3928989771213634,0.08250868383817543,0.89324065395063
vgg19.tv_in1k,red_central_it,"(14, 3, 224, 224)","(14, 9, 9, 32)",131,170,features.28,0.8789925863194138,0.5186607627767416,0.1925977892863667,0.5103876131019959,0.16659165443178553,0.89324065395063
visformer_small.in1k,red_central_it,"(14, 3, 224, 224)","(14, 9, 9, 32)",131,170,stage2.0.mlp,0.8789925863194138,0.5148694305770338,0.1508281150791429,0.5066567563826136,0.13046206459048273,0.89324065395063
visformer_tiny.in1k,red_central_it,"(14, 3, 224, 224)","(14, 9, 9, 32)",131,170,stage2.1.attn.qkv,0.8789925863194138,0.5794780499560072,0.1465482361340756,0.5702348046893908,0.1267600900409909,0.89324065395063
vit_base_patch16_224_miil.in21k_ft_in1k,red_central_it,"(14, 3, 224, 224)","(14, 9, 9, 32)",131,170,blocks.1.norm1,0.8789925863194138,0.588952639262172,0.1556262438273557,0.5795582649704545,0.13461231059955292,0.89324065395063
vit_base_patch16_224.augreg_in1k,red_central_it,"(14, 3, 224, 224)","(14, 9, 9, 32)",131,170,blocks.2,0.8789925863194138,0.5715839831371148,0.1184971247065087,0.5624666560062477,0.1024966699950811,0.89324065395063
vit_base_patch16_224.augreg_in21k_ft_in1k,red_central_it,"(14, 3, 224, 224)","(14, 9, 9, 32)",131,170,blocks.1.norm1,0.8789925863194138,0.6006405985370452,0.1869269961320331,0.5910597897906454,0.1616865783298152,0.89324065395063
vit_base_patch16_224.augreg2_in21k_ft_in1k,red_central_it,"(14, 3, 224, 224)","(14, 9, 9, 32)",131,170,blocks.1.norm1,0.8789925863194138,0.5998243715107684,0.1818399362623317,0.5902565823888353,0.15728641505158025,0.89324065395063
vit_base_patch16_224.orig_in21k_ft_in1k,red_central_it,"(14, 3, 224, 224)","(14, 9, 9, 32)",131,170,blocks.2,0.8789925863194138,0.5720854151816376,0.1493061999722488,0.5629600897161098,0.12914565095717132,0.89324065395063
vit_base_patch16_224.sam_in1k,red_central_it,"(14, 3, 224, 224)","(14, 9, 9, 32)",131,170,blocks.1.norm2,0.8789925863194138,0.5961758390218701,0.1477733438244687,0.5866662475843198,0.1278197736321469,0.89324065395063
vit_base_patch16_rpn_224.sw_in1k,red_central_it,"(14, 3, 224, 224)","(14, 9, 9, 32)",131,170,blocks.8,0.8789925863194138,0.5207084463365914,0.1522923485998867,0.5124026340935681,0.13172858527900683,0.89324065395063
vit_base_patch8_224.augreg_in21k_ft_in1k,red_central_it,"(14, 3, 224, 224)","(14, 9, 9, 32)",131,170,blocks.1.norm1,0.8789925863194138,0.6013810409168802,0.141303174865081,0.591788421385718,0.12222326000968303,0.89324065395063
vit_base_patch8_224.augreg2_in21k_ft_in1k,red_central_it,"(14, 3, 224, 224)","(14, 9, 9, 32)",131,170,blocks.1.norm1,0.8789925863194138,0.6060316532039732,0.1304786474757067,0.5963648518293179,0.11286034918438369,0.89324065395063
vit_small_patch16_224.augreg_in1k,red_central_it,"(14, 3, 224, 224)","(14, 9, 9, 32)",131,170,blocks.1.norm1,0.8789925863194138,0.5958675891110705,0.1649860333050019,0.5863629145630024,0.1427082644523559,0.89324065395063
vit_small_patch16_224.augreg_in21k_ft_in1k,red_central_it,"(14, 3, 224, 224)","(14, 9, 9, 32)",131,170,blocks.1.norm2,0.8789925863194138,0.5853467538784846,0.1387968682154464,0.576009897007845,0.12005537546218592,0.89324065395063
vit_srelpos_medium_patch16_224.sw_in1k,red_central_it,"(14, 3, 224, 224)","(14, 9, 9, 32)",131,170,blocks.5.norm2,0.8789925863194138,0.5910550017892218,0.1792775051779284,0.5816270927458802,0.15506998445131276,0.89324065395063
vit_srelpos_small_patch16_224.sw_in1k,red_central_it,"(14, 3, 224, 224)","(14, 9, 9, 32)",131,170,blocks.5.norm2,0.8789925863194138,0.564758988297007,0.1676090577024434,0.5557505265515592,0.14497710655902718,0.89324065395063
vit_tiny_patch16_224.augreg_in21k_ft_in1k,red_central_it,"(14, 3, 224, 224)","(14, 9, 9, 32)",131,170,blocks.1.norm1,0.8789925863194138,0.5895738048221963,0.1601164225088952,0.5801695223283944,0.1384961884884096,0.89324065395063
vit_tiny_r_s16_p8_224.augreg_in21k_ft_in1k,red_central_it,"(14, 3, 224, 224)","(14, 9, 9, 32)",131,170,blocks.2.attn.k_norm,0.8789925863194138,0.4956184236402319,0.1735034157507559,0.4877128219548734,0.1500755599873875,0.89324065395063
vit_large_patch16_224.augreg_in21k_ft_in1k,red_central_it,"(14, 3, 224, 224)","(14, 9, 9, 32)",131,170,blocks.7.attn.k_norm,0.8789925863194138,0.5668150147610331,0.148617414159271,0.5577737573697743,0.12854987066001272,0.89324065395063
vit_large_patch16_384.augreg_in21k_ft_in1k,red_central_it,"(14, 3, 224, 224)","(14, 9, 9, 32)",131,170,blocks.7.attn.k_norm,0.8789925863194138,0.5715711320151221,0.1524796147655437,0.5624540098722999,0.13189056522940756,0.89324065395063
vit_large_r50_s32_384.augreg_in21k_ft_in1k,red_central_it,"(14, 3, 224, 224)","(14, 9, 9, 32)",131,170,blocks.4.attn.k_norm,0.8789925863194138,0.5714628647840407,0.1767804178568433,0.5623474696101198,0.1529100743629281,0.89324065395063
vit_medium_patch16_gap_384.sw_in12k_ft_in1k,red_central_it,"(14, 3, 224, 224)","(14, 9, 9, 32)",131,170,blocks.4.attn.proj_drop,0.8789925863194138,0.5725439580173268,0.1232611835120397,0.5634113183422343,0.10661744646486536,0.89324065395063
vit_relpos_base_patch16_224.sw_in1k,red_central_it,"(14, 3, 224, 224)","(14, 9, 9, 32)",131,170,blocks.7.attn.k_norm,0.8789925863194138,0.5102942833718338,0.1653105642765117,0.5021545872785715,0.14298897458749554,0.89324065395063
vit_relpos_base_patch16_clsgap_224.sw_in1k,red_central_it,"(14, 3, 224, 224)","(14, 9, 9, 32)",131,170,blocks.6.attn.k_norm,0.8789925863194138,0.5250067050326116,0.1248007022818046,0.5166323313326882,0.10794908676994999,0.89324065395063
vit_relpos_medium_patch16_224.sw_in1k,red_central_it,"(14, 3, 224, 224)","(14, 9, 9, 32)",131,170,blocks.7.attn.k_norm,0.8789925863194138,0.5137155614604176,0.14566294582664,0.50552129261414,0.12599433889963776,0.89324065395063
vit_relpos_medium_patch16_cls_224.sw_in1k,red_central_it,"(14, 3, 224, 224)","(14, 9, 9, 32)",131,170,blocks.4.attn.k_norm,0.8789925863194138,0.5134495101163364,0.1196545623563556,0.5052594850508665,0.10349782091017773,0.89324065395063
vit_relpos_medium_patch16_rpn_224.sw_in1k,red_central_it,"(14, 3, 224, 224)","(14, 9, 9, 32)",131,170,blocks.5.attn.proj,0.8789925863194138,0.5284550179827886,0.1461454424275253,0.5200256402971973,0.12641168484788062,0.89324065395063
vit_relpos_small_patch16_224.sw_in1k,red_central_it,"(14, 3, 224, 224)","(14, 9, 9, 32)",131,170,blocks.7.attn.k_norm,0.8789925863194138,0.486359237331219,0.1755041212927606,0.47860132878113976,0.15180611384009984,0.89324065395063
volo_d1_384.sail_in1k,red_central_it,"(14, 3, 224, 224)","(14, 9, 9, 32)",131,170,network.3.0,0.8789925863194138,0.6097552846066566,0.1969361465805807,0.600029087646025,0.17034421110357945,0.89324065395063
volo_d2_384.sail_in1k,red_central_it,"(14, 3, 224, 224)","(14, 9, 9, 32)",131,170,network.2.1.norm1,0.8789925863194138,0.6032112334242896,0.1841439106096503,0.5935894205212087,0.15927928786549148,0.89324065395063
volo_d3_224.sail_in1k,red_central_it,"(14, 3, 224, 224)","(14, 9, 9, 32)",131,170,network.2.3.norm1,0.8789925863194138,0.6286635848007044,0.1745743449944825,0.6186357818408782,0.1510018835716449,0.89324065395063
volo_d4_224.sail_in1k,red_central_it,"(14, 3, 224, 224)","(14, 9, 9, 32)",131,170,network.2.3.norm1,0.8789925863194138,0.6257814275877327,0.1658445542466414,0.6157995978723089,0.1434508608474755,0.89324065395063
volo_d5_224.sail_in1k,red_central_it,"(14, 3, 224, 224)","(14, 9, 9, 32)",131,170,network.2.2.norm1,0.8789925863194138,0.611282813822881,0.1704660711608384,0.6015322512677311,0.1474483426024494,0.89324065395063
volo_d1_224.sail_in1k,red_central_it,"(14, 3, 224, 224)","(14, 9, 9, 32)",131,170,network.2.0.attn.proj,0.8789925863194138,0.6035022239850876,0.1864517680904256,0.5938757694961451,0.16127551948029717,0.89324065395063
volo_d2_224.sail_in1k,red_central_it,"(14, 3, 224, 224)","(14, 9, 9, 32)",131,170,network.3.2,0.8789925863194138,0.6258916620250685,0.1841129210179921,0.6159080739618674,0.15925248274294238,0.89324065395063
xcit_medium_24_p8_224.fb_in1k,red_central_it,"(14, 3, 224, 224)","(14, 9, 9, 32)",131,170,blocks.14.norm2,0.8789925863194138,0.595905258707418,0.1639326364484129,0.5863999832922105,0.14179710588837324,0.89324065395063
xcit_nano_12_p8_224.fb_in1k,red_central_it,"(14, 3, 224, 224)","(14, 9, 9, 32)",131,170,blocks.4.norm2,0.8789925863194138,0.5846563900688004,0.1704106725031046,0.575330545180438,0.1474004243263395,0.89324065395063
xcit_small_12_p8_224.fb_in1k,red_central_it,"(14, 3, 224, 224)","(14, 9, 9, 32)",131,170,blocks.6,0.8789925863194138,0.5785534921088342,0.1593862400052206,0.5693249944499059,0.13786460122162414,0.89324065395063
xcit_small_24_p8_224.fb_in1k,red_central_it,"(14, 3, 224, 224)","(14, 9, 9, 32)",131,170,blocks.14.norm2,0.8789925863194138,0.6030467482550966,0.1588269278601036,0.5934275590523641,0.13738081199463417,0.89324065395063
xcit_tiny_12_p8_224.fb_in1k,red_central_it,"(14, 3, 224, 224)","(14, 9, 9, 32)",131,170,blocks.6.local_mp.conv1,0.8789925863194138,0.5852332318748639,0.1372372534062135,0.5758981857919198,0.11870635264988301,0.89324065395063
xcit_tiny_24_p8_224.fb_in1k,red_central_it,"(14, 3, 224, 224)","(14, 9, 9, 32)",131,170,blocks.1,0.8789925863194138,0.6078851539912317,0.1582205878456582,0.5981887874546521,0.13685634498735996,0.89324065395063
convnext_base.fb_in22k_ft_in1k,red_central_it,"(14, 3, 224, 224)","(14, 9, 9, 32)",131,170,stages.2.blocks.14.norm,0.8789925863194138,0.5418452305299216,0.1666179120015992,0.5332022657744583,0.14411979348862078,0.89324065395063
convnext_base.fb_in22k_ft_in1k_384,red_central_it,"(14, 3, 224, 224)","(14, 9, 9, 32)",131,170,stages.2.blocks.19.norm,0.8789925863194138,0.6000462917579797,0.1914744033489403,0.5904749627896716,0.1656199572873131,0.89324065395063
convnext_large.fb_in22k_ft_in1k,red_central_it,"(14, 3, 224, 224)","(14, 9, 9, 32)",131,170,stages.2.blocks.9.norm,0.8789925863194138,0.6087213286271352,0.1599811618782102,0.5990116242820813,0.13837919185865186,0.89324065395063
convnext_large.fb_in22k_ft_in1k_384,red_central_it,"(14, 3, 224, 224)","(14, 9, 9, 32)",131,170,stages.2.blocks.14.norm,0.8789925863194138,0.6036696041358153,0.1548358036666086,0.5940404797687194,0.13392860215930497,0.89324065395063
convnext_small.in12k_ft_in1k_384,red_central_it,"(14, 3, 224, 224)","(14, 9, 9, 32)",131,170,stages.2.blocks.10,0.8789925863194138,0.5770440380796249,0.1821414870072014,0.5678396176981909,0.1575472479389624,0.89324065395063
convnextv2_base.fcmae_ft_in22k_in1k,red_central_it,"(14, 3, 224, 224)","(14, 9, 9, 32)",131,170,stages.2.blocks.4.norm,0.8789925863194138,0.5849337136228019,0.1346523215420075,0.5756034451507885,0.11647045950984684,0.89324065395063
convnextv2_base.fcmae_ft_in22k_in1k_384,red_central_it,"(14, 3, 224, 224)","(14, 9, 9, 32)",131,170,stages.2.blocks.9.norm,0.8789925863194138,0.6072676105166739,0.1798352929804583,0.5975810944063504,0.15555245516496752,0.89324065395063
convnextv2_large.fcmae_ft_in1k,red_central_it,"(14, 3, 224, 224)","(14, 9, 9, 32)",131,170,stages.2.blocks.14.norm,0.8789925863194138,0.5884924375078193,0.179817746926605,0.579105403887052,0.15553727832336925,0.89324065395063
convnextv2_large.fcmae_ft_in22k_in1k,red_central_it,"(14, 3, 224, 224)","(14, 9, 9, 32)",131,170,stages.2.blocks.4.norm,0.8789925863194138,0.560827555638215,0.1652430696791952,0.5518818041133133,0.14293059366488048,0.89324065395063
convnextv2_large.fcmae_ft_in22k_in1k_384,red_central_it,"(14, 3, 224, 224)","(14, 9, 9, 32)",131,170,stages.2.blocks.14.norm,0.8789925863194138,0.5917830225006976,0.1898307732387698,0.5823435008104303,0.16419826360982195,0.89324065395063
crossvit_9_240.in1k,red_central_it,"(14, 3, 224, 224)","(14, 9, 9, 32)",131,170,blocks.0.blocks.1.2.attn.k_norm,0.8789925863194138,0.5704005351673564,0.1723106484341761,0.5613020851964535,0.14904384990723832,0.89324065395063
crossvit_tiny_240.in1k,red_central_it,"(14, 3, 224, 224)","(14, 9, 9, 32)",131,170,blocks.0.blocks.1.2.attn.k_norm,0.8789925863194138,0.5538833308890774,0.1813798336068595,0.545048346584,0.1568884392343729,0.89324065395063
tf_mobilenetv3_large_075.in1k,red_central_it,"(14, 3, 224, 224)","(14, 9, 9, 32)",131,170,blocks.3.3.bn2.drop,0.8789925863194138,0.4844786647067927,0.1537661422703997,0.47675075314108684,0.13300337522738365,0.89324065395063
tf_mobilenetv3_large_minimal_100.in1k,red_central_it,"(14, 3, 224, 224)","(14, 9, 9, 32)",131,170,blocks.5.1.bn2.drop,0.8789925863194138,0.5155107603948821,0.1946296289772036,0.5072878563586178,0.16834913844492447,0.89324065395063
tf_mobilenetv3_small_075.in1k,red_central_it,"(14, 3, 224, 224)","(14, 9, 9, 32)",131,170,blocks.2.1.bn2.drop,0.8789925863194138,0.431307402729394,0.1047226789466077,0.4244276251277441,0.09058216299826982,0.89324065395063
tf_mobilenetv3_small_100.in1k,red_central_it,"(14, 3, 224, 224)","(14, 9, 9, 32)",131,170,blocks.3.1.se,0.8789925863194138,0.4273538676189002,0.1141105982256731,0.42053715279365617,0.09870244833574159,0.89324065395063
mobilevit_xs.cvnets_in1k,red_central_it,"(14, 3, 224, 224)","(14, 9, 9, 32)",131,170,stages.4.1.conv_kxk.bn.act,0.8789925863194138,0.4554192735879817,0.214925580887587,0.4481548879132567,0.18590456428624313,0.89324065395063
mobilevit_xxs.cvnets_in1k,red_central_it,"(14, 3, 224, 224)","(14, 9, 9, 32)",131,170,stages.4.1.conv_kxk.bn.drop,0.8789925863194138,0.501202855643652,0.2110493617079433,0.493208176771183,0.18255174404635488,0.89324065395063
mobilevitv2_050.cvnets_in1k,red_central_it,"(14, 3, 224, 224)","(14, 9, 9, 32)",131,170,stages.3.1.conv_proj.bn.act,0.8789925863194138,0.4184767579425057,0.1186388713498667,0.41180164175417955,0.10261927684282665,0.89324065395063
legacy_seresnet18.in1k,red_central_it,"(14, 3, 224, 224)","(14, 9, 9, 32)",131,170,layer3.0.bn2,0.8789925863194138,0.4534542995105604,0.122230004124876,0.4462212571064589,0.10572550538516723,0.89324065395063
legacy_seresnet34.in1k,red_central_it,"(14, 3, 224, 224)","(14, 9, 9, 32)",131,170,layer3.2.se_module,0.8789925863194138,0.500685375914566,0.1408415238122696,0.4926989513531219,0.1218239448724585,0.89324065395063
seresnextaa101d_32x8d.sw_in12k_ft_in1k,red_central_it,"(14, 3, 224, 224)","(14, 9, 9, 32)",131,170,layer1.1.bn2,0.8789925863194138,0.3903518549883555,0.1027702505354153,0.38412535868498393,0.08889336750178285,0.89324065395063
seresnextaa101d_32x8d.sw_in12k_ft_in1k_288,red_central_it,"(14, 3, 224, 224)","(14, 9, 9, 32)",131,170,layer1.2.act3,0.8789925863194138,0.3881143148187237,0.115351334634326,0.3819235094834283,0.0997756503272967,0.89324065395063
semnasnet_075.rmsp_in1k,red_central_it,"(14, 3, 224, 224)","(14, 9, 9, 32)",131,170,blocks.3.3.bn2.drop,0.8789925863194138,0.4316287692595907,0.1361246875313327,0.42474386554546895,0.11774401455427194,0.89324065395063
mnasnet_100.rmsp_in1k,red_central_it,"(14, 3, 224, 224)","(14, 9, 9, 32)",131,170,blocks.3.2.se,0.8789925863194138,0.4680588279618671,0.1453876661536964,0.4605928289539927,0.12575622974834874,0.89324065395063
mnasnet_small.lamb_in1k,red_central_it,"(14, 3, 224, 224)","(14, 9, 9, 32)",131,170,blocks.3.3.bn2.drop,0.8789925863194138,0.475566699929678,0.1555068224413738,0.46798094297405374,0.1345090144696286,0.89324065395063
swinv2_base_window12to16_192to256.ms_in22k_ft_in1k,red_central_it,"(14, 3, 224, 224)","(14, 9, 9, 32)",131,170,layers.2.blocks.7,0.8789925863194138,0.5815566496583205,0.1616282967139523,0.572280248680524,0.13980391702489198,0.89324065395063
swinv2_base_window12to24_192to384.ms_in22k_ft_in1k,red_central_it,"(14, 3, 224, 224)","(14, 9, 9, 32)",131,170,layers.2.blocks.8.attn.proj,0.8789925863194138,0.5969576086110755,0.1858822747274036,0.5874355471790957,0.1607829237870377,0.89324065395063
swinv2_large_window12to16_192to256.ms_in22k_ft_in1k,red_central_it,"(14, 3, 224, 224)","(14, 9, 9, 32)",131,170,layers.2.blocks.7,0.8789925863194138,0.57494148605283,0.1518838807455953,0.5657706034457275,0.1313752721081717,0.89324065395063
swinv2_large_window12to24_192to384.ms_in22k_ft_in1k,red_central_it,"(14, 3, 224, 224)","(14, 9, 9, 32)",131,170,layers.2.blocks.7,0.8789925863194138,0.564568879716584,0.1535872174263393,0.5555634503901143,0.1328486102848502,0.89324065395063
swinv2_cr_small_224.sw_in1k,red_central_it,"(14, 3, 224, 224)","(14, 9, 9, 32)",131,170,stages.2.blocks.4.norm2,0.8789925863194138,0.4557588286060368,0.1286366452829342,0.4484890266945559,0.11126706925163905,0.89324065395063
swinv2_cr_small_ns_224.sw_in1k,red_central_it,"(14, 3, 224, 224)","(14, 9, 9, 32)",131,170,stages.2.blocks.8.norm2,0.8789925863194138,0.4441335858487849,0.1386478892347472,0.43704921800179947,0.11992651284666889,0.89324065395063
swinv2_cr_tiny_ns_224.sw_in1k,red_central_it,"(14, 3, 224, 224)","(14, 9, 9, 32)",131,170,stages.2.blocks.2.norm2,0.8789925863194138,0.4469599630689999,0.1495975453009247,0.4398305117233998,0.12939765644744683,0.89324065395063
eva_large_patch14_196.in22k_ft_in1k,red_central_it,"(14, 3, 224, 224)","(14, 9, 9, 32)",131,170,blocks.8.attn.q_norm,0.8789925863194138,0.5879110581920747,0.1690157972993094,0.5785332981436347,0.14619389662533563,0.89324065395063
eva_large_patch14_196.in22k_ft_in22k_in1k,red_central_it,"(14, 3, 224, 224)","(14, 9, 9, 32)",131,170,blocks.8.attn.q_norm,0.8789925863194138,0.5893558530134302,0.1807376881843745,0.579955047065504,0.1563330015592368,0.89324065395063
eva_large_patch14_336.in22k_ft_in1k,red_central_it,"(14, 3, 224, 224)","(14, 9, 9, 32)",131,170,blocks.7.attn.k_norm,0.8789925863194138,0.597579568339548,0.1556073287208857,0.5880475860377152,0.13459594956606305,0.89324065395063
eva_large_patch14_336.in22k_ft_in22k_in1k,red_central_it,"(14, 3, 224, 224)","(14, 9, 9, 32)",131,170,blocks.7.attn.k_norm,0.8789925863194138,0.5967014637376518,0.1573604094145692,0.5871834880685218,0.1361123149106253,0.89324065395063
eva02_base_patch14_448.mim_in22k_ft_in1k,red_central_it,"(14, 3, 224, 224)","(14, 9, 9, 32)",131,170,blocks.3.attn.norm,0.8789925863194138,0.5983467007480149,0.1788511124733848,0.5888024819291926,0.1547011667906804,0.89324065395063
eva02_base_patch14_448.mim_in22k_ft_in22k_in1k,red_central_it,"(14, 3, 224, 224)","(14, 9, 9, 32)",131,170,blocks.0.attn.q_proj,0.8789925863194138,0.5982088128818663,0.1567675993645898,0.5886667935102295,0.13559955094092568,0.89324065395063
eva02_large_patch14_448.mim_in22k_ft_in1k,red_central_it,"(14, 3, 224, 224)","(14, 9, 9, 32)",131,170,blocks.4.mlp.act,0.8789925863194138,0.4613165936111931,0.1372775944182314,0.45395813987747186,0.11874124648723396,0.89324065395063
eva02_large_patch14_448.mim_in22k_ft_in22k_in1k,red_central_it,"(14, 3, 224, 224)","(14, 9, 9, 32)",131,170,blocks.4.mlp.act,0.8789925863194138,0.4430054399656218,0.1389483968532569,0.43593906715588654,0.12018644345917688,0.89324065395063
eva02_large_patch14_448.mim_m38m_ft_in1k,red_central_it,"(14, 3, 224, 224)","(14, 9, 9, 32)",131,170,blocks.4.mlp.act,0.8789925863194138,0.5083007415460338,0.1502577498409908,0.5001928444071004,0.12996871474983188,0.89324065395063
tinynet_b.in1k,red_central_it,"(14, 3, 224, 224)","(14, 9, 9, 32)",131,170,blocks.5.2.conv_dw,0.8789925863194138,0.5222654766099679,0.1904074770332793,0.5139348282015274,0.16469709612290742,0.89324065395063
tinynet_c.in1k,red_central_it,"(14, 3, 224, 224)","(14, 9, 9, 32)",131,170,blocks.5.2.conv_dw,0.8789925863194138,0.5080404902422342,0.1972450566303702,0.49993674436775715,0.17061140958210674,0.89324065395063
edgenext_xx_small.in1k,red_central_it,"(14, 3, 224, 224)","(14, 9, 9, 32)",131,170,stages.1.blocks.1.pos_embd.token_projection,0.8789925863194138,0.6489914947099337,0.1794308899195731,0.6386394415786593,0.15520265792575844,0.89324065395063
ghostnet_100.in1k,red_central_it,"(14, 3, 224, 224)","(14, 9, 9, 32)",131,170,blocks.6.1.ghost2,0.8789925863194138,0.4692281061483822,0.0906563563434866,0.46174345600253336,0.07841519076609664,0.89324065395063
spnasnet_100.rmsp_in1k,red_central_it,"(14, 3, 224, 224)","(14, 9, 9, 32)",131,170,blocks.4.3.bn2.act,0.8789925863194138,0.5272779092582757,0.1773261545662838,0.5188673076154473,0.15338212122102926,0.89324065395063
resnet18_l2_eps0.01,red_central_it,"(14, 3, 224, 224)","(14, 9, 9, 32)",131,170,layer3.0.bn2,0.8789925863194138,0.4467584649686851,0.1492094880454677,0.439632227716116,0.12906199786880798,0.89324065395063
resnet18_l2_eps0.03,red_central_it,"(14, 3, 224, 224)","(14, 9, 9, 32)",131,170,layer3.0.bn2,0.8789925863194138,0.5031526031448726,0.1364782502849108,0.4951268238806578,0.11804983636189643,0.89324065395063
resnet18_l2_eps0.05,red_central_it,"(14, 3, 224, 224)","(14, 9, 9, 32)",131,170,layer3.0.bn2,0.8789925863194138,0.4905424171579333,0.1425975536601271,0.48271778277218935,0.12334286115218385,0.89324065395063
resnet18_l2_eps0.1,red_central_it,"(14, 3, 224, 224)","(14, 9, 9, 32)",131,170,layer3.0.bn2,0.8789925863194138,0.4989936259422291,0.1617698129117191,0.4910341864580029,0.13992632454370216,0.89324065395063
resnet18_l2_eps0.25,red_central_it,"(14, 3, 224, 224)","(14, 9, 9, 32)",131,170,layer3.0.bn2,0.8789925863194138,0.471613010872321,0.1091368579400115,0.4640903191487066,0.09440030330088661,0.89324065395063
resnet18_l2_eps0.5,red_central_it,"(14, 3, 224, 224)","(14, 9, 9, 32)",131,170,layer3.0.bn2,0.8789925863194138,0.4868329940108662,0.1319810604763248,0.47906752857543644,0.11415989404593267,0.89324065395063
resnet18_l2_eps1,red_central_it,"(14, 3, 224, 224)","(14, 9, 9, 32)",131,170,layer3.0.bn2,0.8789925863194138,0.4984720323077619,0.144859578088063,0.4905209127554006,0.12529944846926178,0.89324065395063
resnet18_l2_eps3,red_central_it,"(14, 3, 224, 224)","(14, 9, 9, 32)",131,170,layer3.0.bn2,0.8789925863194138,0.4666557072553231,0.1317950875365915,0.45921208940378455,0.11399903269947324,0.89324065395063
resnet18_l2_eps5,red_central_it,"(14, 3, 224, 224)","(14, 9, 9, 32)",131,170,layer3.0.bn2,0.8789925863194138,0.4783102997615992,0.1542455241872951,0.4706807796881799,0.13341802706184236,0.89324065395063
resnet50_l2_eps0.01,red_central_it,"(14, 3, 224, 224)","(14, 9, 9, 32)",131,170,layer3.3.conv2,0.8789925863194138,0.5372826220458832,0.1778610007720359,0.5287124353866337,0.15384474810066762,0.89324065395063
resnet50_l2_eps0.03,red_central_it,"(14, 3, 224, 224)","(14, 9, 9, 32)",131,170,layer3.3.conv2,0.8789925863194138,0.5488674850197789,0.1551736126381014,0.5401125083933236,0.13422079738984943,0.89324065395063
resnet50_l2_eps0.05,red_central_it,"(14, 3, 224, 224)","(14, 9, 9, 32)",131,170,layer3.3.conv2,0.8789925863194138,0.5284546685276135,0.1721427108377218,0.5200252964161762,0.14889858862392724,0.89324065395063
resnet50_l2_eps0.1,red_central_it,"(14, 3, 224, 224)","(14, 9, 9, 32)",131,170,layer3.3.conv2,0.8789925863194138,0.5146633369353768,0.1504711360365375,0.5064539501373954,0.13015328778922525,0.89324065395063
resnet50_l2_eps0.25,red_central_it,"(14, 3, 224, 224)","(14, 9, 9, 32)",131,170,layer3.3.conv2,0.8789925863194138,0.5337366709419445,0.177081091302142,0.5252230456930188,0.1531701484109305,0.89324065395063
resnet50_l2_eps0.5,red_central_it,"(14, 3, 224, 224)","(14, 9, 9, 32)",131,170,layer3.3.conv2,0.8789925863194138,0.5407105216062233,0.1714355436545269,0.5320856565749666,0.1482869089600805,0.89324065395063
resnet50_l2_eps1,red_central_it,"(14, 3, 224, 224)","(14, 9, 9, 32)",131,170,layer3.3.conv2,0.8789925863194138,0.52943741519575,0.1791544530061506,0.5209923673076562,0.15496354779410165,0.89324065395063
resnet50_l2_eps3,red_central_it,"(14, 3, 224, 224)","(14, 9, 9, 32)",131,170,layer3.3.conv2,0.8789925863194138,0.5447695454039886,0.1290086509066791,0.5360799349479335,0.1115888436216732,0.89324065395063
resnet50_l2_eps5,red_central_it,"(14, 3, 224, 224)","(14, 9, 9, 32)",131,170,layer3.3.conv2,0.8789925863194138,0.5530469533424699,0.1475914315893907,0.5442253100824923,0.12766242468065936,0.89324065395063
wide_resnet50_2_l2_eps0.01,red_central_it,"(14, 3, 224, 224)","(14, 9, 9, 32)",131,170,layer3.3.conv2,0.8789925863194138,0.5069047809157828,0.1466632258559035,0.498819150722921,0.12685955290644194,0.89324065395063
wide_resnet50_2_l2_eps0.03,red_central_it,"(14, 3, 224, 224)","(14, 9, 9, 32)",131,170,layer3.3.conv2,0.8789925863194138,0.5240175018463082,0.1736814780932303,0.5156589069108611,0.15022957889038074,0.89324065395063
wide_resnet50_2_l2_eps0.05,red_central_it,"(14, 3, 224, 224)","(14, 9, 9, 32)",131,170,layer3.3.conv2,0.8789925863194138,0.5191191716050749,0.188655074197542,0.5108387098583138,0.1631813171063458,0.89324065395063
wide_resnet50_2_l2_eps0.1,red_central_it,"(14, 3, 224, 224)","(14, 9, 9, 32)",131,170,layer3.3.conv2,0.8789925863194138,0.5271906696557729,0.1976946139498966,0.5187814595704728,0.17100026398121135,0.89324065395063
wide_resnet50_2_l2_eps0.25,red_central_it,"(14, 3, 224, 224)","(14, 9, 9, 32)",131,170,layer3.3.conv2,0.8789925863194138,0.553731255358597,0.1697423033292102,0.544898696807916,0.1468223038460223,0.89324065395063
wide_resnet50_2_l2_eps0.5,red_central_it,"(14, 3, 224, 224)","(14, 9, 9, 32)",131,170,layer3.3.conv2,0.8789925863194138,0.57620664071356,0.1694620887422518,0.56701557764435,0.1465799261333274,0.89324065395063
wide_resnet50_2_l2_eps1,red_central_it,"(14, 3, 224, 224)","(14, 9, 9, 32)",131,170,layer3.3.conv2,0.8789925863194138,0.5551009647813007,0.1642998009425829,0.5462465580171472,0.1421146928178963,0.89324065395063
wide_resnet50_2_l2_eps3,red_central_it,"(14, 3, 224, 224)","(14, 9, 9, 32)",131,170,layer3.3.conv2,0.8789925863194138,0.5649932443371288,0.1937423745473975,0.5559810459772672,0.16758168839312998,0.89324065395063
wide_resnet50_2_l2_eps5,red_central_it,"(14, 3, 224, 224)","(14, 9, 9, 32)",131,170,layer3.3.conv2,0.8789925863194138,0.5577857951667771,0.1640230125723971,0.5488885627153449,0.14187527868605407,0.89324065395063
resnet18_linf_eps0.5,red_central_it,"(14, 3, 224, 224)","(14, 9, 9, 32)",131,170,layer3.0.bn2,0.8789925863194138,0.4769568063509876,0.1637356435188786,0.46934887582968665,0.14162671256161657,0.89324065395063
resnet18_linf_eps1.0,red_central_it,"(14, 3, 224, 224)","(14, 9, 9, 32)",131,170,layer3.0.bn2,0.8789925863194138,0.4985045647753281,0.1527627282907911,0.49055292629808805,0.1321354504419416,0.89324065395063
resnet18_linf_eps2.0,red_central_it,"(14, 3, 224, 224)","(14, 9, 9, 32)",131,170,layer3.0.bn2,0.8789925863194138,0.5040509091919978,0.1571153233757173,0.4960108010621449,0.13590032240104483,0.89324065395063
resnet18_linf_eps4.0,red_central_it,"(14, 3, 224, 224)","(14, 9, 9, 32)",131,170,layer3.0.bn2,0.8789925863194138,0.5152717741459737,0.1470787905209348,0.5070526821756094,0.12721900461836175,0.89324065395063
resnet18_linf_eps8.0,red_central_it,"(14, 3, 224, 224)","(14, 9, 9, 32)",131,170,layer3.0.bn2,0.8789925863194138,0.452847516051534,0.1664357447234963,0.4456241524408501,0.14396222393211158,0.89324065395063
resnet50_linf_eps0.5,red_central_it,"(14, 3, 224, 224)","(14, 9, 9, 32)",131,170,layer3.3.conv2,0.8789925863194138,0.5590075754043934,0.1750266601826826,0.550090854355595,0.15139312344935105,0.89324065395063
resnet50_linf_eps1.0,red_central_it,"(14, 3, 224, 224)","(14, 9, 9, 32)",131,170,layer3.3.conv2,0.8789925863194138,0.5142436107076673,0.186632438126028,0.5060409189561468,0.1614317939642815,0.89324065395063
resnet50_linf_eps2.0,red_central_it,"(14, 3, 224, 224)","(14, 9, 9, 32)",131,170,layer3.3.conv2,0.8789925863194138,0.5631414180497119,0.1630892660389089,0.5541587581418538,0.1410676142761451,0.89324065395063
resnet50_linf_eps4.0,red_central_it,"(14, 3, 224, 224)","(14, 9, 9, 32)",131,170,layer3.3.conv2,0.8789925863194138,0.5262476247363167,0.1351348109205913,0.5178534571457042,0.11688779921100263,0.89324065395063
resnet50_linf_eps8.0,red_central_it,"(14, 3, 224, 224)","(14, 9, 9, 32)",131,170,layer3.3.conv2,0.8789925863194138,0.5381808560618851,0.1657368871073396,0.5295963416859649,0.143357731809335,0.89324065395063
wide_resnet50_2_linf_eps0.5,red_central_it,"(14, 3, 224, 224)","(14, 9, 9, 32)",131,170,layer3.3.conv2,0.8789925863194138,0.5443256169933492,0.1610867139082875,0.5356430876323945,0.1393354631763727,0.89324065395063
wide_resnet50_2_linf_eps1.0,red_central_it,"(14, 3, 224, 224)","(14, 9, 9, 32)",131,170,layer3.3.conv2,0.8789925863194138,0.5823585723523462,0.1904260766633405,0.5730693799182619,0.1647131842782035,0.89324065395063
wide_resnet50_2_linf_eps2.0,red_central_it,"(14, 3, 224, 224)","(14, 9, 9, 32)",131,170,layer3.3.conv2,0.8789925863194138,0.5588709693631422,0.1547885263785328,0.5499564273151607,0.13388770863884047,0.89324065395063
wide_resnet50_2_linf_eps4.0,red_central_it,"(14, 3, 224, 224)","(14, 9, 9, 32)",131,170,layer3.3.conv2,0.8789925863194138,0.5239197381706433,0.1516716549906575,0.5155627026620501,0.13119170281716827,0.89324065395063
wide_resnet50_2_linf_eps8.0,red_central_it,"(14, 3, 224, 224)","(14, 9, 9, 32)",131,170,layer3.3.conv2,0.8789925863194138,0.5195462512610987,0.1525215083252312,0.5112589771734571,0.13192680197669443,0.89324065395063
vit_large_patch14_clip_224.openai_ft_in12k_in1k,red_central_it,"(14, 3, 224, 224)","(14, 9, 9, 32)",131,170,blocks.8.attn.q_norm,0.8789925863194138,0.549695161572726,0.1538860695103695,0.5409269826905841,0.13310710890673705,0.89324065395063
vit_large_patch14_clip_224.laion2b_ft_in12k_in1k,red_central_it,"(14, 3, 224, 224)","(14, 9, 9, 32)",131,170,blocks.8.attn.q_norm,0.8789925863194138,0.549242335551327,0.1908827637885995,0.5404813796899349,0.16510820575813062,0.89324065395063
vit_large_patch14_clip_224.openai_ft_in1k,red_central_it,"(14, 3, 224, 224)","(14, 9, 9, 32)",131,170,blocks.7.attn.k_norm,0.8789925863194138,0.5611012255047337,0.1576960364700676,0.5521511086760928,0.13640262284538782,0.89324065395063
vit_large_patch14_clip_224.laion2b_ft_in1k,red_central_it,"(14, 3, 224, 224)","(14, 9, 9, 32)",131,170,blocks.8.attn.q_norm,0.8789925863194138,0.5519871634836656,0.1944391327344573,0.543182424915068,0.1681843645689639,0.89324065395063
vit_base_patch16_clip_224.laion2b_ft_in12k_in1k,red_central_it,"(14, 3, 224, 224)","(14, 9, 9, 32)",131,170,blocks.4.attn.proj_drop,0.8789925863194138,0.5816311794123025,0.1925559573626449,0.5723535896115716,0.16655547099787021,0.89324065395063
vit_base_patch16_clip_224.openai_ft_in12k_in1k,red_central_it,"(14, 3, 224, 224)","(14, 9, 9, 32)",131,170,blocks.2,0.8789925863194138,0.5466220508280032,0.1440364664995079,0.5379028910870473,0.1245874801656408,0.89324065395063
vit_base_patch16_clip_224.laion2b_ft_in1k,red_central_it,"(14, 3, 224, 224)","(14, 9, 9, 32)",131,170,blocks.4.attn.proj_drop,0.8789925863194138,0.5846811747323409,0.192246269038067,0.5753549345041998,0.16628759933360657,0.89324065395063
vit_base_patch16_clip_224.openai_ft_in1k,red_central_it,"(14, 3, 224, 224)","(14, 9, 9, 32)",131,170,blocks.2,0.8789925863194138,0.5671803651570317,0.1406953884123321,0.5581332800673489,0.12169754187408116,0.89324065395063
vit_base_patch32_clip_224.laion2b_ft_in12k_in1k,red_central_it,"(14, 3, 224, 224)","(14, 9, 9, 32)",131,170,blocks.4.attn.proj_drop,0.8789925863194138,0.4890921189499077,0.1899634793668994,0.48129061824808417,0.16431305066693336,0.89324065395063
vit_base_patch32_clip_224.laion2b_ft_in1k,red_central_it,"(14, 3, 224, 224)","(14, 9, 9, 32)",131,170,blocks.5.mlp.fc2,0.8789925863194138,0.4640940237606346,0.2146838651355631,0.45669126728225523,0.185695486979691,0.89324065395063
vit_base_patch32_clip_224.openai_ft_in1k,red_central_it,"(14, 3, 224, 224)","(14, 9, 9, 32)",131,170,blocks.4.attn.proj_drop,0.8789925863194138,0.4572317549112447,0.1885003786034529,0.4499384583754209,0.16304750978151566,0.89324065395063
resnet50.dino,red_central_it,"(14, 3, 224, 224)","(14, 9, 9, 32)",131,170,model.layer3.3.bn1,0.8789925863194138,0.5359232342057384,0.1456623593708856,0.5273747311205602,0.12599383163195446,0.89324065395063
xcit_small_12_p16.dino,red_central_it,"(14, 3, 224, 224)","(14, 9, 9, 32)",131,170,model.pos_embeder,0.8789925863194138,0.6553226257430625,0.1849624428568604,0.6448695848401914,0.15998729516803506,0.89324065395063
xcit_medium_24_p16.dino,red_central_it,"(14, 3, 224, 224)","(14, 9, 9, 32)",131,170,model.blocks.4.norm1,0.8789925863194138,0.5647558994456146,0.1619608223622557,0.5557474869703868,0.1400915423299234,0.89324065395063
vit_giant_patch14_dinov2.lvd142m,red_central_it,"(14, 3, 224, 224)","(14, 9, 9, 32)",131,170,model.blocks.15.norm2,0.8789925863194138,0.4176819007283787,0.1517783633740135,0.41101946329498146,0.13128400255846273,0.89324065395063
vit_large_patch14_dinov2.lvd142m,red_central_it,"(14, 3, 224, 224)","(14, 9, 9, 32)",131,170,model.blocks.16.mlp.act,0.8789925863194138,0.4561402405047264,0.1345370120590271,0.4488643546980446,0.11637072006001953,0.89324065395063
vit_base_patch14_dinov2.lvd142m,red_central_it,"(14, 3, 224, 224)","(14, 9, 9, 32)",131,170,model.blocks.4.attn.proj_drop,0.8789925863194138,0.5603760624903947,0.142957734694841,0.5514375127255974,0.12365440758628504,0.89324065395063
vit_small_patch14_dinov2.lvd142m,red_central_it,"(14, 3, 224, 224)","(14, 9, 9, 32)",131,170,model.blocks.5.norm2,0.8789925863194138,0.5701576184072189,0.1926146848148048,0.5610630431977387,0.16660626858725136,0.89324065395063
