model_name,stimuli_name,stimuli_shape,neural_response_shape,time_a,time_b,layer_name,ceiling_score,brain_score,brain_score_std
beit_base_patch16_224.in22k_ft_in22k_in1k,red_central_it,"(14, 3, 224, 224)","(14, 9, 9, 32)",171,210,blocks.2,0.9022758893093499,0.5666847735635046,0.1522530875867289
beitv2_base_patch16_224.in1k_ft_in1k,red_central_it,"(14, 3, 224, 224)","(14, 9, 9, 32)",171,210,blocks.2,0.9022758893093499,0.6121576533641038,0.16250362958352324
beitv2_base_patch16_224.in1k_ft_in22k_in1k,red_central_it,"(14, 3, 224, 224)","(14, 9, 9, 32)",171,210,blocks.2,0.9022758893093499,0.575759061656551,0.1282338332154228
beit_base_patch16_384.in22k_ft_in22k_in1k,red_central_it,"(14, 3, 224, 224)","(14, 9, 9, 32)",171,210,blocks.2,0.9022758893093499,0.6247464637279398,0.15611670436830843
beit_large_patch16_224.in22k_ft_in22k_in1k,red_central_it,"(14, 3, 224, 224)","(14, 9, 9, 32)",171,210,blocks.9.mlp.act,0.9022758893093499,0.5268868151616962,0.1392432103964483
beit_large_patch16_384.in22k_ft_in22k_in1k,red_central_it,"(14, 3, 224, 224)","(14, 9, 9, 32)",171,210,blocks.9.mlp.act,0.9022758893093499,0.5852778572802905,0.15855556287085104
beit_large_patch16_512.in22k_ft_in22k_in1k,red_central_it,"(14, 3, 224, 224)","(14, 9, 9, 32)",171,210,blocks.9.mlp.act,0.9022758893093499,0.5600398013555729,0.13155321166061013
beitv2_large_patch16_224.in1k_ft_in1k,red_central_it,"(14, 3, 224, 224)","(14, 9, 9, 32)",171,210,blocks.9.mlp.act,0.9022758893093499,0.5407496869447088,0.1318321102827352
beitv2_large_patch16_224.in1k_ft_in22k_in1k,red_central_it,"(14, 3, 224, 224)","(14, 9, 9, 32)",171,210,blocks.9.mlp.act,0.9022758893093499,0.5458485131888547,0.1394110134529965
caformer_m36.sail_in1k,red_central_it,"(14, 3, 224, 224)","(14, 9, 9, 32)",171,210,stages.2.blocks.1.norm2,0.9022758893093499,0.656500234345942,0.1444366776076645
caformer_m36.sail_in22k_ft_in1k,red_central_it,"(14, 3, 224, 224)","(14, 9, 9, 32)",171,210,stages.2.blocks.1.norm2,0.9022758893093499,0.6369590066846902,0.1428348628498591
caformer_s18.sail_in1k,red_central_it,"(14, 3, 224, 224)","(14, 9, 9, 32)",171,210,stages.2.downsample.conv,0.9022758893093499,0.6252695917531569,0.15612411174138394
caformer_s18.sail_in22k_ft_in1k,red_central_it,"(14, 3, 224, 224)","(14, 9, 9, 32)",171,210,stages.2.downsample.conv,0.9022758893093499,0.6382418075580908,0.16050425729621812
caformer_s36.sail_in1k,red_central_it,"(14, 3, 224, 224)","(14, 9, 9, 32)",171,210,stages.2.blocks.1.norm2,0.9022758893093499,0.6610442903813322,0.16996065092049442
caformer_s36.sail_in22k_ft_in1k,red_central_it,"(14, 3, 224, 224)","(14, 9, 9, 32)",171,210,stages.2.blocks.1.norm2,0.9022758893093499,0.6591977718484803,0.14995364577306292
cait_s24_224.fb_dist_in1k,red_central_it,"(14, 3, 224, 224)","(14, 9, 9, 32)",171,210,blocks.3.norm2,0.9022758893093499,0.6405956265653003,0.17478598855112282
cait_xxs24_224.fb_dist_in1k,red_central_it,"(14, 3, 224, 224)","(14, 9, 9, 32)",171,210,blocks.18.norm2,0.9022758893093499,0.6369074959034772,0.18184032513563123
cait_xxs36_224.fb_dist_in1k,red_central_it,"(14, 3, 224, 224)","(14, 9, 9, 32)",171,210,blocks.3,0.9022758893093499,0.6488655993159741,0.16109176277716833
coat_lite_medium.in1k,red_central_it,"(14, 3, 224, 224)","(14, 9, 9, 32)",171,210,serial_blocks3.7,0.9022758893093499,0.6092203870560229,0.15592604739382912
coat_lite_mini.in1k,red_central_it,"(14, 3, 224, 224)","(14, 9, 9, 32)",171,210,cpe4.proj,0.9022758893093499,0.45465112661160145,0.19247417110044393
coat_lite_small.in1k,red_central_it,"(14, 3, 224, 224)","(14, 9, 9, 32)",171,210,serial_blocks3.1.norm2,0.9022758893093499,0.5764117693553293,0.12699104497783453
coat_lite_tiny.in1k,red_central_it,"(14, 3, 224, 224)","(14, 9, 9, 32)",171,210,serial_blocks3.0.factoratt_crpe,0.9022758893093499,0.5094709912524131,0.11382443180715261
coat_mini.in1k,red_central_it,"(14, 3, 224, 224)","(14, 9, 9, 32)",171,210,crpe4.conv_list.2,0.9022758893093499,0.5719882924282992,0.21641889673976042
coat_small.in1k,red_central_it,"(14, 3, 224, 224)","(14, 9, 9, 32)",171,210,serial_blocks4.1.factoratt_crpe.qkv,0.9022758893093499,0.5857255975664643,0.18971773372270684
coat_tiny.in1k,red_central_it,"(14, 3, 224, 224)","(14, 9, 9, 32)",171,210,crpe4.conv_list.2,0.9022758893093499,0.5568793414534171,0.23655304068957042
coatnet_0_rw_224.sw_in1k,red_central_it,"(14, 3, 224, 224)","(14, 9, 9, 32)",171,210,stages.2.blocks.3.norm1,0.9022758893093499,0.6527324263919543,0.15301909227391292
coatnet_1_rw_224.sw_in1k,red_central_it,"(14, 3, 224, 224)","(14, 9, 9, 32)",171,210,stages.2.blocks.4,0.9022758893093499,0.6603586916123345,0.1608001959037987
coatnet_bn_0_rw_224.sw_in1k,red_central_it,"(14, 3, 224, 224)","(14, 9, 9, 32)",171,210,stages.2.blocks.0.shortcut.pool,0.9022758893093499,0.49360494860702814,0.10286861300190671
coatnet_nano_rw_224.sw_in1k,red_central_it,"(14, 3, 224, 224)","(14, 9, 9, 32)",171,210,stages.2.blocks.1.attn.proj_drop,0.9022758893093499,0.5518277096724049,0.13800772202228082
coatnet_rmlp_1_rw_224.sw_in1k,red_central_it,"(14, 3, 224, 224)","(14, 9, 9, 32)",171,210,stages.2.blocks.2,0.9022758893093499,0.6687058118979992,0.1527314901176444
coatnet_rmlp_1_rw2_224.sw_in12k_ft_in1k,red_central_it,"(14, 3, 224, 224)","(14, 9, 9, 32)",171,210,stages.2.blocks.1.norm1,0.9022758893093499,0.6402710411690176,0.14865658658579692
coatnet_rmlp_2_rw_224.sw_in1k,red_central_it,"(14, 3, 224, 224)","(14, 9, 9, 32)",171,210,stages.2.blocks.1.norm1,0.9022758893093499,0.6629172585954338,0.1368940622478314
coatnet_rmlp_nano_rw_224.sw_in1k,red_central_it,"(14, 3, 224, 224)","(14, 9, 9, 32)",171,210,stages.2.blocks.1.attn.qkv,0.9022758893093499,0.6289536338428947,0.13505205389494582
convit_base.fb_in1k,red_central_it,"(14, 3, 224, 224)","(14, 9, 9, 32)",171,210,blocks.5.attn.v,0.9022758893093499,0.6475607193069798,0.14485796234749523
convit_small.fb_in1k,red_central_it,"(14, 3, 224, 224)","(14, 9, 9, 32)",171,210,blocks.5.attn.v,0.9022758893093499,0.6177864278740105,0.16358546865746332
convit_tiny.fb_in1k,red_central_it,"(14, 3, 224, 224)","(14, 9, 9, 32)",171,210,blocks.4.mlp.fc1,0.9022758893093499,0.6528381741337328,0.15869973232175932
convmixer_1024_20_ks9_p14.in1k,red_central_it,"(14, 3, 224, 224)","(14, 9, 9, 32)",171,210,blocks.11.0.fn.2,0.9022758893093499,0.23544325845284653,0.129726184227133
convmixer_1536_20.in1k,red_central_it,"(14, 3, 224, 224)","(14, 9, 9, 32)",171,210,blocks.10.0.fn.1,0.9022758893093499,0.47999341460991474,0.15251893528211552
convmixer_768_32.in1k,red_central_it,"(14, 3, 224, 224)","(14, 9, 9, 32)",171,210,blocks.21.0.fn.2,0.9022758893093499,0.6826812382716873,0.17659444536940802
davit_base.msft_in1k,red_central_it,"(14, 3, 224, 224)","(14, 9, 9, 32)",171,210,stages.2.blocks.3.0.cpe1,0.9022758893093499,0.6587586061393248,0.16046675621772202
davit_small.msft_in1k,red_central_it,"(14, 3, 224, 224)","(14, 9, 9, 32)",171,210,stages.2.blocks.3.0.cpe1,0.9022758893093499,0.6486557559444911,0.1431186443046019
davit_tiny.msft_in1k,red_central_it,"(14, 3, 224, 224)","(14, 9, 9, 32)",171,210,stages.2.blocks.2.1.cpe1.act,0.9022758893093499,0.6165156516031656,0.16206881673570842
deit_base_distilled_patch16_224.fb_in1k,red_central_it,"(14, 3, 224, 224)","(14, 9, 9, 32)",171,210,blocks.2,0.9022758893093499,0.6264598924531914,0.14868875097713444
deit_base_patch16_224.fb_in1k,red_central_it,"(14, 3, 224, 224)","(14, 9, 9, 32)",171,210,blocks.1.norm2,0.9022758893093499,0.6424171869814863,0.15459573667289012
deit_small_distilled_patch16_224.fb_in1k,red_central_it,"(14, 3, 224, 224)","(14, 9, 9, 32)",171,210,blocks.1.norm1,0.9022758893093499,0.6249855865362408,0.14863826327265292
deit_small_patch16_224.fb_in1k,red_central_it,"(14, 3, 224, 224)","(14, 9, 9, 32)",171,210,blocks.1.norm2,0.9022758893093499,0.632236857890068,0.15369995714937593
deit_tiny_distilled_patch16_224.fb_in1k,red_central_it,"(14, 3, 224, 224)","(14, 9, 9, 32)",171,210,blocks.1.norm2,0.9022758893093499,0.6278762129790444,0.15114132289202553
deit_tiny_patch16_224.fb_in1k,red_central_it,"(14, 3, 224, 224)","(14, 9, 9, 32)",171,210,blocks.1.norm1,0.9022758893093499,0.6323943959836377,0.14560936284187384
deit3_base_patch16_224.fb_in1k,red_central_it,"(14, 3, 224, 224)","(14, 9, 9, 32)",171,210,blocks.1.norm1,0.9022758893093499,0.6223626924622598,0.15577918302307112
deit3_base_patch16_224.fb_in22k_ft_in1k,red_central_it,"(14, 3, 224, 224)","(14, 9, 9, 32)",171,210,blocks.2,0.9022758893093499,0.6362348759877768,0.17619031675915042
deit3_medium_patch16_224.fb_in1k,red_central_it,"(14, 3, 224, 224)","(14, 9, 9, 32)",171,210,blocks.1.norm1,0.9022758893093499,0.6270303943678349,0.15430693931177042
deit3_medium_patch16_224.fb_in22k_ft_in1k,red_central_it,"(14, 3, 224, 224)","(14, 9, 9, 32)",171,210,blocks.3.ls1,0.9022758893093499,0.6465687294393784,0.17302888287666224
deit3_small_patch16_224.fb_in1k,red_central_it,"(14, 3, 224, 224)","(14, 9, 9, 32)",171,210,blocks.1.norm2,0.9022758893093499,0.612636652638281,0.14736149731961912
deit3_small_patch16_224.fb_in22k_ft_in1k,red_central_it,"(14, 3, 224, 224)","(14, 9, 9, 32)",171,210,blocks.1.norm2,0.9022758893093499,0.6331132241598044,0.15908509141921204
densenet121.tv_in1k,red_central_it,"(14, 3, 224, 224)","(14, 9, 9, 32)",171,210,features.denseblock3.denselayer17.norm1.drop,0.9022758893093499,0.6890848571075578,0.18116273913850753
densenet161.tv_in1k,red_central_it,"(14, 3, 224, 224)","(14, 9, 9, 32)",171,210,features.denseblock3.denselayer19.conv1,0.9022758893093499,0.5679257834283515,0.1314351257293867
densenet169.tv_in1k,red_central_it,"(14, 3, 224, 224)","(14, 9, 9, 32)",171,210,features.denseblock3.denselayer17.norm1.drop,0.9022758893093499,0.6028220620060664,0.14084744857432513
densenet201.tv_in1k,red_central_it,"(14, 3, 224, 224)","(14, 9, 9, 32)",171,210,features.denseblock3.denselayer17.norm1.drop,0.9022758893093499,0.6168817915354949,0.1452038226201322
dla102.in1k,red_central_it,"(14, 3, 224, 224)","(14, 9, 9, 32)",171,210,level4.tree2.tree1.tree1.tree1.bn2,0.9022758893093499,0.6561928238524202,0.18861005799588124
dla169.in1k,red_central_it,"(14, 3, 224, 224)","(14, 9, 9, 32)",171,210,level4.tree1.tree2.tree2.tree2.tree1.conv2,0.9022758893093499,0.6464755905391376,0.18947153647966694
dla34.in1k,red_central_it,"(14, 3, 224, 224)","(14, 9, 9, 32)",171,210,level4.tree1.tree1.bn2,0.9022758893093499,0.5281140023639381,0.14936502287807643
dla46_c.in1k,red_central_it,"(14, 3, 224, 224)","(14, 9, 9, 32)",171,210,level4.tree2.tree2.bn2,0.9022758893093499,0.5426808766085036,0.15069366519144084
dla60.in1k,red_central_it,"(14, 3, 224, 224)","(14, 9, 9, 32)",171,210,level4.tree2.tree1.tree2.conv2,0.9022758893093499,0.5944209006351631,0.20264094699212723
dpn107.mx_in1k,red_central_it,"(14, 3, 224, 224)","(14, 9, 9, 32)",171,210,features.conv4_13.c1x1_c.bn.drop,0.9022758893093499,0.683491862534312,0.1749603088684395
dpn131.mx_in1k,red_central_it,"(14, 3, 224, 224)","(14, 9, 9, 32)",171,210,features.conv4_23.c1x1_c.bn.drop,0.9022758893093499,0.6601171432994377,0.1720092957151557
dpn68.mx_in1k,red_central_it,"(14, 3, 224, 224)","(14, 9, 9, 32)",171,210,features.conv4_8.c1x1_c.bn.drop,0.9022758893093499,0.6656222580637046,0.17262811492311894
dpn68b.mx_in1k,red_central_it,"(14, 3, 224, 224)","(14, 9, 9, 32)",171,210,features.conv4_7.c3x3_b,0.9022758893093499,0.6646618104904295,0.18803067809127974
dpn92.mx_in1k,red_central_it,"(14, 3, 224, 224)","(14, 9, 9, 32)",171,210,features.conv4_11.c1x1_a.conv,0.9022758893093499,0.6704246854614794,0.17636533393316403
dpn98.mx_in1k,red_central_it,"(14, 3, 224, 224)","(14, 9, 9, 32)",171,210,features.conv4_19.c1x1_a.conv,0.9022758893093499,0.6685292081343502,0.1701289307640518
efficientformer_l1.snap_dist_in1k,red_central_it,"(14, 3, 224, 224)","(14, 9, 9, 32)",171,210,stages.2.blocks.3.mlp.fc1,0.9022758893093499,0.5229386056373417,0.14525490419684334
efficientformer_l3.snap_dist_in1k,red_central_it,"(14, 3, 224, 224)","(14, 9, 9, 32)",171,210,stages.2.blocks.11.token_mixer.pool,0.9022758893093499,0.5717410933212687,0.19600819680699963
efficientformer_l7.snap_dist_in1k,red_central_it,"(14, 3, 224, 224)","(14, 9, 9, 32)",171,210,stages.2.blocks.10,0.9022758893093499,0.5920919429119457,0.13616751919403844
efficientformerv2_l.snap_dist_in1k,red_central_it,"(14, 3, 224, 224)","(14, 9, 9, 32)",171,210,stages.2.blocks.13.mlp.mid.bn.drop,0.9022758893093499,0.6179359787426782,0.12996241079838214
efficientformerv2_s0.snap_dist_in1k,red_central_it,"(14, 3, 224, 224)","(14, 9, 9, 32)",171,210,stages.2.blocks.4,0.9022758893093499,0.6376048457020258,0.13629507047659611
efficientformerv2_s1.snap_dist_in1k,red_central_it,"(14, 3, 224, 224)","(14, 9, 9, 32)",171,210,stages.2.blocks.7.mlp.mid.bn.drop,0.9022758893093499,0.6289129053625329,0.155302143296738
efficientformerv2_s2.snap_dist_in1k,red_central_it,"(14, 3, 224, 224)","(14, 9, 9, 32)",171,210,stages.2.blocks.10.mlp.fc1.bn.drop,0.9022758893093499,0.6315645414386236,0.1678258772034624
efficientnet_b0.ra_in1k,red_central_it,"(14, 3, 224, 224)","(14, 9, 9, 32)",171,210,blocks.4.2.bn1.drop,0.9022758893093499,0.47486899889465956,0.13646818624670032
efficientnet_es_pruned.in1k,red_central_it,"(14, 3, 224, 224)","(14, 9, 9, 32)",171,210,blocks.4.0.bn2.drop,0.9022758893093499,0.6290920645645864,0.18229470829803293
efficientnet_es.ra_in1k,red_central_it,"(14, 3, 224, 224)","(14, 9, 9, 32)",171,210,blocks.4.0.bn2.drop,0.9022758893093499,0.6532379347995213,0.19171604553369712
efficientnet_lite0.ra_in1k,red_central_it,"(14, 3, 224, 224)","(14, 9, 9, 32)",171,210,blocks.4.1.bn2.act,0.9022758893093499,0.5644051321397271,0.17527523200977294
focalnet_base_srf.ms_in1k,red_central_it,"(14, 3, 224, 224)","(14, 9, 9, 32)",171,210,layers.2.blocks.4.modulation.focal_layers.1,0.9022758893093499,0.6370910961410639,0.16862734332845603
focalnet_small_srf.ms_in1k,red_central_it,"(14, 3, 224, 224)","(14, 9, 9, 32)",171,210,layers.2.blocks.12.modulation.focal_layers.1,0.9022758893093499,0.6290816901208476,0.20587888293908954
focalnet_tiny_srf.ms_in1k,red_central_it,"(14, 3, 224, 224)","(14, 9, 9, 32)",171,210,layers.2.blocks.3.modulation.focal_layers.1,0.9022758893093499,0.6474541889487307,0.1839987707760031
focalnet_base_lrf.ms_in1k,red_central_it,"(14, 3, 224, 224)","(14, 9, 9, 32)",171,210,layers.2.blocks.6.modulation.focal_layers.1,0.9022758893093499,0.648671161954117,0.17369452159654084
focalnet_small_lrf.ms_in1k,red_central_it,"(14, 3, 224, 224)","(14, 9, 9, 32)",171,210,layers.2.blocks.8.modulation.focal_layers.2.0,0.9022758893093499,0.6419950061080363,0.16442244312434562
focalnet_tiny_lrf.ms_in1k,red_central_it,"(14, 3, 224, 224)","(14, 9, 9, 32)",171,210,layers.2.blocks.2.modulation.h,0.9022758893093499,0.6165608505194804,0.18818933269362054
hrnet_w18_small_v2.ms_in1k,red_central_it,"(14, 3, 224, 224)","(14, 9, 9, 32)",171,210,stage4.0.branches.3.0.conv2,0.9022758893093499,0.5255221987097887,0.24518501191412023
hrnet_w18_small.ms_in1k,red_central_it,"(14, 3, 224, 224)","(14, 9, 9, 32)",171,210,incre_modules.3.0.drop_block,0.9022758893093499,0.5252283362903579,0.1951601596841506
hrnet_w18.ms_in1k,red_central_it,"(14, 3, 224, 224)","(14, 9, 9, 32)",171,210,stage4.0.branches.3.0.conv1,0.9022758893093499,0.5506360899707253,0.20482309400117563
hrnet_w30.ms_in1k,red_central_it,"(14, 3, 224, 224)","(14, 9, 9, 32)",171,210,stage3.0.branches.2.3.bn2,0.9022758893093499,0.5806663028230008,0.16325519184194312
hrnet_w32.ms_in1k,red_central_it,"(14, 3, 224, 224)","(14, 9, 9, 32)",171,210,stage4.0.branches.3.1.bn1,0.9022758893093499,0.5800288749959612,0.20887278142047802
hrnet_w40.ms_in1k,red_central_it,"(14, 3, 224, 224)","(14, 9, 9, 32)",171,210,stage4.2.branches.2.1.conv1,0.9022758893093499,0.5727674502869246,0.16453453839216953
hrnet_w44.ms_in1k,red_central_it,"(14, 3, 224, 224)","(14, 9, 9, 32)",171,210,stage4.0.branches.3.1.bn1,0.9022758893093499,0.5646788693888284,0.22338936576690852
hrnet_w48.ms_in1k,red_central_it,"(14, 3, 224, 224)","(14, 9, 9, 32)",171,210,stage3.0.branches.2.3.bn2,0.9022758893093499,0.6040873612265468,0.14057729686488052
lcnet_050.ra2_in1k,red_central_it,"(14, 3, 224, 224)","(14, 9, 9, 32)",171,210,blocks.4.1.conv_dw,0.9022758893093499,0.5477438030355175,0.13900681966014453
lcnet_075.ra2_in1k,red_central_it,"(14, 3, 224, 224)","(14, 9, 9, 32)",171,210,blocks.4.1.conv_dw,0.9022758893093499,0.552337712396465,0.13479715017316493
lcnet_100.ra2_in1k,red_central_it,"(14, 3, 224, 224)","(14, 9, 9, 32)",171,210,blocks.4.1.conv_dw,0.9022758893093499,0.5711432066002678,0.16037768126011562
levit_128.fb_dist_in1k,red_central_it,"(14, 3, 224, 224)","(14, 9, 9, 32)",171,210,stages.0.blocks,0.9022758893093499,0.5874709668397585,0.16003526379104482
levit_128s.fb_dist_in1k,red_central_it,"(14, 3, 224, 224)","(14, 9, 9, 32)",171,210,stages.0.blocks,0.9022758893093499,0.6272114201356563,0.13960810399026863
levit_192.fb_dist_in1k,red_central_it,"(14, 3, 224, 224)","(14, 9, 9, 32)",171,210,stages.0.blocks,0.9022758893093499,0.6127995443548179,0.13296002904615734
levit_256.fb_dist_in1k,red_central_it,"(14, 3, 224, 224)","(14, 9, 9, 32)",171,210,stages.0.blocks,0.9022758893093499,0.6510772223973212,0.14856061620561192
levit_384.fb_dist_in1k,red_central_it,"(14, 3, 224, 224)","(14, 9, 9, 32)",171,210,stages.0.blocks.3.attn.proj.act,0.9022758893093499,0.6594345818729762,0.14976723052710422
maxvit_rmlp_base_rw_224.sw_in12k_ft_in1k,red_central_it,"(14, 3, 224, 224)","(14, 9, 9, 32)",171,210,stages.2.blocks.1.attn_grid.norm2,0.9022758893093499,0.6295456252458456,0.1470603075625858
maxxvitv2_rmlp_base_rw_384.sw_in12k_ft_in1k,red_central_it,"(14, 3, 224, 224)","(14, 9, 9, 32)",171,210,stages.2.blocks.5.conv.conv_dw,0.9022758893093499,0.6509797630286251,0.14941245331512612
maxvit_rmlp_small_rw_224.sw_in1k,red_central_it,"(14, 3, 224, 224)","(14, 9, 9, 32)",171,210,stages.2.blocks.2.conv.down,0.9022758893093499,0.6462816781386603,0.18114380464062443
maxvit_small_tf_224.in1k,red_central_it,"(14, 3, 224, 224)","(14, 9, 9, 32)",171,210,stages.2.blocks.1.conv.pre_norm.act,0.9022758893093499,0.6403762400136269,0.16171553600832483
maxvit_tiny_rw_224.sw_in1k,red_central_it,"(14, 3, 224, 224)","(14, 9, 9, 32)",171,210,stages.2.blocks.1.conv.pre_norm.act,0.9022758893093499,0.6606237722841801,0.14422755208061633
maxvit_tiny_tf_224.in1k,red_central_it,"(14, 3, 224, 224)","(14, 9, 9, 32)",171,210,stages.2.blocks.2.conv.shortcut,0.9022758893093499,0.6497432092435871,0.16257515889494903
mixnet_l.ft_in1k,red_central_it,"(14, 3, 224, 224)","(14, 9, 9, 32)",171,210,blocks.4.1.conv_dw,0.9022758893093499,0.6656380529586619,0.16691988864430302
mixnet_m.ft_in1k,red_central_it,"(14, 3, 224, 224)","(14, 9, 9, 32)",171,210,blocks.4.3.bn2.drop,0.9022758893093499,0.6449550661250845,0.17386188854423992
mixnet_s.ft_in1k,red_central_it,"(14, 3, 224, 224)","(14, 9, 9, 32)",171,210,blocks.4.1.conv_dw,0.9022758893093499,0.6585446989363886,0.16282902204704522
mixnet_xl.ra_in1k,red_central_it,"(14, 3, 224, 224)","(14, 9, 9, 32)",171,210,blocks.3.4.bn2,0.9022758893093499,0.6342736065611304,0.17499318984185652
mobilenetv2_050.lamb_in1k,red_central_it,"(14, 3, 224, 224)","(14, 9, 9, 32)",171,210,blocks.5.2.bn2.drop,0.9022758893093499,0.5717426228291776,0.19890416799692912
mobilenetv2_100.ra_in1k,red_central_it,"(14, 3, 224, 224)","(14, 9, 9, 32)",171,210,blocks.5.2.bn2.drop,0.9022758893093499,0.5803661271823353,0.18631897674011644
mobilenetv2_110d.ra_in1k,red_central_it,"(14, 3, 224, 224)","(14, 9, 9, 32)",171,210,blocks.4.3.bn1.drop,0.9022758893093499,0.5759182146155979,0.16901715847946583
mobilenetv2_120d.ra_in1k,red_central_it,"(14, 3, 224, 224)","(14, 9, 9, 32)",171,210,blocks.4.3.bn1.drop,0.9022758893093499,0.5907133729695114,0.18019015494219123
mobilenetv2_140.ra_in1k,red_central_it,"(14, 3, 224, 224)","(14, 9, 9, 32)",171,210,blocks.4.0.bn3.act,0.9022758893093499,0.6313580519262332,0.17477131966182113
mobilenetv3_large_100.miil_in21k_ft_in1k,red_central_it,"(14, 3, 224, 224)","(14, 9, 9, 32)",171,210,blocks.3.3.bn2.drop,0.9022758893093499,0.5349167208920538,0.12833353445684423
mobilenetv3_large_100.ra_in1k,red_central_it,"(14, 3, 224, 224)","(14, 9, 9, 32)",171,210,blocks.3.3.bn2.drop,0.9022758893093499,0.5251954427497468,0.12814189575288681
mobilenetv3_rw.rmsp_in1k,red_central_it,"(14, 3, 224, 224)","(14, 9, 9, 32)",171,210,blocks.3.3.bn2.drop,0.9022758893093499,0.47128969709045654,0.10741398182836612
mobilenetv3_small_075.lamb_in1k,red_central_it,"(14, 3, 224, 224)","(14, 9, 9, 32)",171,210,blocks.4.2.conv_pw,0.9022758893093499,0.49362972202153965,0.18702245783534582
mobilenetv3_small_100.lamb_in1k,red_central_it,"(14, 3, 224, 224)","(14, 9, 9, 32)",171,210,blocks.3.0.bn2.act,0.9022758893093499,0.45045517629736315,0.11097831905410602
mvitv2_base.fb_in1k,red_central_it,"(14, 3, 224, 224)","(14, 9, 9, 32)",171,210,stages.2.blocks.9.norm2,0.9022758893093499,0.5981940274969687,0.18315540593877602
mvitv2_small.fb_in1k,red_central_it,"(14, 3, 224, 224)","(14, 9, 9, 32)",171,210,stages.2.blocks.3_0,0.9022758893093499,0.6472784502994203,0.1547983959532455
mvitv2_tiny.fb_in1k,red_central_it,"(14, 3, 224, 224)","(14, 9, 9, 32)",171,210,stages.2.blocks.1.norm2,0.9022758893093499,0.6536111622283802,0.1515183052461307
pit_b_224.in1k,red_central_it,"(14, 3, 224, 224)","(14, 9, 9, 32)",171,210,transformers.1.blocks.2.norm2,0.9022758893093499,0.6271487849906966,0.17366326411556712
pit_b_distilled_224.in1k,red_central_it,"(14, 3, 224, 224)","(14, 9, 9, 32)",171,210,transformers.1.blocks.2.norm2,0.9022758893093499,0.6189497884913521,0.15411188489945551
pit_s_224.in1k,red_central_it,"(14, 3, 224, 224)","(14, 9, 9, 32)",171,210,transformers.1.blocks.1.attn.qkv,0.9022758893093499,0.6227908100266272,0.15332004306524372
pit_s_distilled_224.in1k,red_central_it,"(14, 3, 224, 224)","(14, 9, 9, 32)",171,210,transformers.1.blocks.3.norm1,0.9022758893093499,0.6523897633153589,0.17421574372973192
pit_ti_224.in1k,red_central_it,"(14, 3, 224, 224)","(14, 9, 9, 32)",171,210,transformers.1.blocks.1.mlp.fc1,0.9022758893093499,0.6391842328136994,0.15374501964664822
pit_ti_distilled_224.in1k,red_central_it,"(14, 3, 224, 224)","(14, 9, 9, 32)",171,210,transformers.1.blocks.1.attn.qkv,0.9022758893093499,0.6461695842179875,0.14263762709593863
pit_xs_224.in1k,red_central_it,"(14, 3, 224, 224)","(14, 9, 9, 32)",171,210,transformers.1.blocks.0.attn.q_norm,0.9022758893093499,0.6290867864555985,0.1614686372186079
pit_xs_distilled_224.in1k,red_central_it,"(14, 3, 224, 224)","(14, 9, 9, 32)",171,210,transformers.1.blocks.1.mlp.fc1,0.9022758893093499,0.6427031285138977,0.1670425369474834
poolformer_m36.sail_in1k,red_central_it,"(14, 3, 224, 224)","(14, 9, 9, 32)",171,210,stages.2.blocks.5.res_scale1,0.9022758893093499,0.6602437536006801,0.164963582048546
poolformer_s12.sail_in1k,red_central_it,"(14, 3, 224, 224)","(14, 9, 9, 32)",171,210,stages.2.blocks.3.res_scale1,0.9022758893093499,0.5509978674114119,0.15228247498857111
poolformer_s24.sail_in1k,red_central_it,"(14, 3, 224, 224)","(14, 9, 9, 32)",171,210,stages.2.blocks.4.res_scale1,0.9022758893093499,0.617699876984912,0.15104837864986492
poolformer_s36.sail_in1k,red_central_it,"(14, 3, 224, 224)","(14, 9, 9, 32)",171,210,stages.2.blocks.5.res_scale1,0.9022758893093499,0.6632573692740609,0.16525121087447003
poolformerv2_m36.sail_in1k,red_central_it,"(14, 3, 224, 224)","(14, 9, 9, 32)",171,210,stages.2.blocks.4.res_scale2,0.9022758893093499,0.6599686628172706,0.19700383121990453
poolformerv2_s12.sail_in1k,red_central_it,"(14, 3, 224, 224)","(14, 9, 9, 32)",171,210,stages.2.blocks.2.res_scale2,0.9022758893093499,0.5996743042214746,0.1697517366358047
poolformerv2_s24.sail_in1k,red_central_it,"(14, 3, 224, 224)","(14, 9, 9, 32)",171,210,stages.2.blocks.6.res_scale1,0.9022758893093499,0.5928343731557375,0.17458055331448613
poolformerv2_s36.sail_in1k,red_central_it,"(14, 3, 224, 224)","(14, 9, 9, 32)",171,210,stages.2.blocks.3.norm2,0.9022758893093499,0.6437797478105832,0.1623264733351481
pvt_v2_b0.in1k,red_central_it,"(14, 3, 224, 224)","(14, 9, 9, 32)",171,210,stages.2.blocks.1.norm2,0.9022758893093499,0.5306789084813354,0.12397271527634832
pvt_v2_b1.in1k,red_central_it,"(14, 3, 224, 224)","(14, 9, 9, 32)",171,210,stages.2.blocks.1.norm1,0.9022758893093499,0.5761243449227289,0.14987855725641672
pvt_v2_b2_li.in1k,red_central_it,"(14, 3, 224, 224)","(14, 9, 9, 32)",171,210,stages.2.blocks.3.norm1,0.9022758893093499,0.6481445223891227,0.15347120503765221
pvt_v2_b2.in1k,red_central_it,"(14, 3, 224, 224)","(14, 9, 9, 32)",171,210,stages.2.blocks.3.norm2,0.9022758893093499,0.6178416672426462,0.14493191187375193
pvt_v2_b3.in1k,red_central_it,"(14, 3, 224, 224)","(14, 9, 9, 32)",171,210,stages.2.blocks.4.norm1,0.9022758893093499,0.6217132857662027,0.17710050564875982
pvt_v2_b4.in1k,red_central_it,"(14, 3, 224, 224)","(14, 9, 9, 32)",171,210,stages.2.blocks.8.norm2,0.9022758893093499,0.627804972505111,0.13596018484111172
pvt_v2_b5.in1k,red_central_it,"(14, 3, 224, 224)","(14, 9, 9, 32)",171,210,stages.2.blocks.8.norm2,0.9022758893093499,0.6323645244492084,0.16083475111229134
regnetx_004_tv.tv2_in1k,red_central_it,"(14, 3, 224, 224)","(14, 9, 9, 32)",171,210,s4.b6.conv1.bn.drop,0.9022758893093499,0.531049357342948,0.1933848303280408
regnetx_008.tv2_in1k,red_central_it,"(14, 3, 224, 224)","(14, 9, 9, 32)",171,210,s3.b7.conv2.bn.drop,0.9022758893093499,0.6455745273326765,0.15905422247006054
regnetx_016.tv2_in1k,red_central_it,"(14, 3, 224, 224)","(14, 9, 9, 32)",171,210,s3.b8.conv2.bn.drop,0.9022758893093499,0.6676727438313341,0.15907332017913253
regnety_004.tv2_in1k,red_central_it,"(14, 3, 224, 224)","(14, 9, 9, 32)",171,210,s3.b5.conv3.bn,0.9022758893093499,0.54455495102253,0.12394061791324973
regnety_008_tv.tv2_in1k,red_central_it,"(14, 3, 224, 224)","(14, 9, 9, 32)",171,210,s3.b5.conv2.bn.drop,0.9022758893093499,0.6319391821537045,0.17108167050928233
regnety_016.tv2_in1k,red_central_it,"(14, 3, 224, 224)","(14, 9, 9, 32)",171,210,s3.b9.conv2.bn.drop,0.9022758893093499,0.6424723806304315,0.1528137308473073
repvgg_b0.rvgg_in1k,red_central_it,"(14, 3, 224, 224)","(14, 9, 9, 32)",171,210,stages.2.12.conv_kxk.bn,0.9022758893093499,0.6484488783682306,0.15079544373881923
repvgg_b1.rvgg_in1k,red_central_it,"(14, 3, 224, 224)","(14, 9, 9, 32)",171,210,stages.2.9.conv_kxk.bn.drop,0.9022758893093499,0.6756163402968317,0.16753800970560373
repvgg_b1g4.rvgg_in1k,red_central_it,"(14, 3, 224, 224)","(14, 9, 9, 32)",171,210,stages.2.6.conv_kxk.bn.act,0.9022758893093499,0.6695852792749566,0.20892870303138372
repvgg_b2.rvgg_in1k,red_central_it,"(14, 3, 224, 224)","(14, 9, 9, 32)",171,210,stages.2.8.conv_kxk,0.9022758893093499,0.6884541778516496,0.19525061431224003
repvgg_b2g4.rvgg_in1k,red_central_it,"(14, 3, 224, 224)","(14, 9, 9, 32)",171,210,stages.2.8.conv_kxk,0.9022758893093499,0.6993923494959614,0.18406378917758812
repvgg_b3g4.rvgg_in1k,red_central_it,"(14, 3, 224, 224)","(14, 9, 9, 32)",171,210,stages.2.8.attn,0.9022758893093499,0.6915829135697448,0.1638992007984752
res2net50_14w_8s.in1k,red_central_it,"(14, 3, 224, 224)","(14, 9, 9, 32)",171,210,layer3.5.bns.4,0.9022758893093499,0.5661533163579138,0.19965546004680843
res2net50_26w_4s.in1k,red_central_it,"(14, 3, 224, 224)","(14, 9, 9, 32)",171,210,layer3.4.convs.2,0.9022758893093499,0.6091003768849004,0.16731134401662281
res2net50_26w_6s.in1k,red_central_it,"(14, 3, 224, 224)","(14, 9, 9, 32)",171,210,layer3.3.bns.0,0.9022758893093499,0.6412600312074547,0.15129541638517732
res2net50_26w_8s.in1k,red_central_it,"(14, 3, 224, 224)","(14, 9, 9, 32)",171,210,layer3.4.bns.6,0.9022758893093499,0.6342531985546317,0.16359044644633372
res2net50_48w_2s.in1k,red_central_it,"(14, 3, 224, 224)","(14, 9, 9, 32)",171,210,layer3.0.convs.0,0.9022758893093499,0.38828635102239933,0.08248523342719151
resnest50d_1s4x24d.in1k,red_central_it,"(14, 3, 224, 224)","(14, 9, 9, 32)",171,210,layer3.0.conv2.conv,0.9022758893093499,0.5867831722159492,0.14430331129270302
resnest50d_4s2x40d.in1k,red_central_it,"(14, 3, 224, 224)","(14, 9, 9, 32)",171,210,layer3.3.conv1,0.9022758893093499,0.5609199104923357,0.17437196174554423
resnest50d.in1k,red_central_it,"(14, 3, 224, 224)","(14, 9, 9, 32)",171,210,layer3.4.conv1,0.9022758893093499,0.54610360643922,0.14989841106274193
resnet101.a3_in1k,red_central_it,"(14, 3, 224, 224)","(14, 9, 9, 32)",171,210,layer3.17.bn2,0.9022758893093499,0.6793544038317404,0.1997732457214285
resnet10t.c3_in1k,red_central_it,"(14, 3, 224, 224)","(14, 9, 9, 32)",171,210,layer3.0.drop_block,0.9022758893093499,0.46093637487941563,0.1258049707740459
resnet14t.c3_in1k,red_central_it,"(14, 3, 224, 224)","(14, 9, 9, 32)",171,210,layer4.0.drop_block,0.9022758893093499,0.48517201110067903,0.19897033605380574
resnet152.a3_in1k,red_central_it,"(14, 3, 224, 224)","(14, 9, 9, 32)",171,210,layer3.13.bn2,0.9022758893093499,0.649547638325281,0.14659071239442623
resnet18.a3_in1k,red_central_it,"(14, 3, 224, 224)","(14, 9, 9, 32)",171,210,layer3.1.conv1,0.9022758893093499,0.6332184475917981,0.15607384040968972
resnet18.fb_ssl_yfcc100m_ft_in1k,red_central_it,"(14, 3, 224, 224)","(14, 9, 9, 32)",171,210,layer3.1.conv1,0.9022758893093499,0.5831936145357618,0.16426069853258873
resnet18.fb_swsl_ig1b_ft_in1k,red_central_it,"(14, 3, 224, 224)","(14, 9, 9, 32)",171,210,layer3.1.conv1,0.9022758893093499,0.5564673061482218,0.18313693168319242
resnet18.tv_in1k,red_central_it,"(14, 3, 224, 224)","(14, 9, 9, 32)",171,210,layer3.1.conv1,0.9022758893093499,0.5581286694719645,0.15853649177970802
resnet34.a3_in1k,red_central_it,"(14, 3, 224, 224)","(14, 9, 9, 32)",171,210,layer3.3.conv2,0.9022758893093499,0.5876962693191656,0.14440478141177324
resnet50.a1h_in1k,red_central_it,"(14, 3, 224, 224)","(14, 9, 9, 32)",171,210,layer3.2.bn2,0.9022758893093499,0.6474519765704984,0.11882832635200301
resnet50.a3_in1k,red_central_it,"(14, 3, 224, 224)","(14, 9, 9, 32)",171,210,layer3.2.bn2,0.9022758893093499,0.6279903133138582,0.17206910043409823
resnet50.am_in1k,red_central_it,"(14, 3, 224, 224)","(14, 9, 9, 32)",171,210,layer3.4.conv1,0.9022758893093499,0.6011014980194702,0.17344776442114493
resnet50.tv_in1k,red_central_it,"(14, 3, 224, 224)","(14, 9, 9, 32)",171,210,layer3.2.bn2,0.9022758893093499,0.5688005111896433,0.13887338564297813
resnet50d.a3_in1k,red_central_it,"(14, 3, 224, 224)","(14, 9, 9, 32)",171,210,layer3.2.bn2,0.9022758893093499,0.6494770656352403,0.16966714783994843
resnetrs50.tf_in1k,red_central_it,"(14, 3, 224, 224)","(14, 9, 9, 32)",171,210,layer3.1.drop_block,0.9022758893093499,0.5679420745880549,0.14890390636632023
resnet18.gluon_in1k,red_central_it,"(14, 3, 224, 224)","(14, 9, 9, 32)",171,210,layer3.1.conv1,0.9022758893093499,0.5651628928065655,0.15798509113317283
resnet34.gluon_in1k,red_central_it,"(14, 3, 224, 224)","(14, 9, 9, 32)",171,210,layer3.4.bn2,0.9022758893093499,0.5894651519055993,0.19240061166490452
rexnet_100.nav_in1k,red_central_it,"(14, 3, 224, 224)","(14, 9, 9, 32)",171,210,features.13.conv_dw.conv,0.9022758893093499,0.583447353024318,0.18405390194997842
rexnet_130.nav_in1k,red_central_it,"(14, 3, 224, 224)","(14, 9, 9, 32)",171,210,features.9.conv_dw.bn.drop,0.9022758893093499,0.5910922709120875,0.16432056961589162
rexnet_150.nav_in1k,red_central_it,"(14, 3, 224, 224)","(14, 9, 9, 32)",171,210,features.9.conv_dw.bn.drop,0.9022758893093499,0.6135610671336468,0.1476873471395673
rexnet_200.nav_in1k,red_central_it,"(14, 3, 224, 224)","(14, 9, 9, 32)",171,210,features.6.conv_dw.bn,0.9022758893093499,0.5140061721882356,0.1388890879301567
rexnet_300.nav_in1k,red_central_it,"(14, 3, 224, 224)","(14, 9, 9, 32)",171,210,features.6.conv_pwl,0.9022758893093499,0.49300974032219214,0.12549264147698092
skresnet18.ra_in1k,red_central_it,"(14, 3, 224, 224)","(14, 9, 9, 32)",171,210,layer3.1.conv1.paths.0.bn.drop,0.9022758893093499,0.47715585660068616,0.13912107310635022
skresnet34.ra_in1k,red_central_it,"(14, 3, 224, 224)","(14, 9, 9, 32)",171,210,layer3.4.conv1.paths.1.conv,0.9022758893093499,0.5975770573774162,0.20797703253708041
swin_base_patch4_window7_224.ms_in1k,red_central_it,"(14, 3, 224, 224)","(14, 9, 9, 32)",171,210,layers.2.blocks.2,0.9022758893093499,0.6051545145308252,0.16543985732341163
swin_base_patch4_window7_224.ms_in22k_ft_in1k,red_central_it,"(14, 3, 224, 224)","(14, 9, 9, 32)",171,210,layers.2.blocks.9.norm1,0.9022758893093499,0.5857702448890716,0.18254220542326322
swin_s3_base_224.ms_in1k,red_central_it,"(14, 3, 224, 224)","(14, 9, 9, 32)",171,210,layers.2.blocks.9.norm1,0.9022758893093499,0.6272769034314598,0.17658846345161403
swin_s3_small_224.ms_in1k,red_central_it,"(14, 3, 224, 224)","(14, 9, 9, 32)",171,210,layers.2.blocks.2,0.9022758893093499,0.6208151165531915,0.14900731942498852
swin_s3_tiny_224.ms_in1k,red_central_it,"(14, 3, 224, 224)","(14, 9, 9, 32)",171,210,layers.2.blocks.2,0.9022758893093499,0.6322429686188757,0.14859017895588542
swin_small_patch4_window7_224.ms_in1k,red_central_it,"(14, 3, 224, 224)","(14, 9, 9, 32)",171,210,layers.2.blocks.9.norm1,0.9022758893093499,0.5815911317412992,0.1784578929188415
swin_small_patch4_window7_224.ms_in22k_ft_in1k,red_central_it,"(14, 3, 224, 224)","(14, 9, 9, 32)",171,210,layers.2.blocks.9.norm1,0.9022758893093499,0.5809314224644464,0.16233664275858303
swin_tiny_patch4_window7_224.ms_in1k,red_central_it,"(14, 3, 224, 224)","(14, 9, 9, 32)",171,210,layers.2.blocks.2,0.9022758893093499,0.6286906351358574,0.16214373273240962
swin_tiny_patch4_window7_224.ms_in22k_ft_in1k,red_central_it,"(14, 3, 224, 224)","(14, 9, 9, 32)",171,210,layers.2.blocks.2,0.9022758893093499,0.6264599447682866,0.15807406399649881
tresnet_l.miil_in1k,red_central_it,"(14, 3, 224, 224)","(14, 9, 9, 32)",171,210,body.layer3.6.conv2.bn,0.9022758893093499,0.6126487778943603,0.17244400290461712
tresnet_m.miil_in1k,red_central_it,"(14, 3, 224, 224)","(14, 9, 9, 32)",171,210,body.layer3.5.conv2.bn.act,0.9022758893093499,0.625425082347715,0.1709448037500048
tresnet_m.miil_in21k_ft_in1k,red_central_it,"(14, 3, 224, 224)","(14, 9, 9, 32)",171,210,body.layer3.5.conv2.bn.act,0.9022758893093499,0.6360798816175849,0.17825696956831452
tresnet_v2_l.miil_in21k_ft_in1k,red_central_it,"(14, 3, 224, 224)","(14, 9, 9, 32)",171,210,body.layer3.8.conv2.conv,0.9022758893093499,0.7046301945515068,0.18273243872962633
tresnet_xl.miil_in1k,red_central_it,"(14, 3, 224, 224)","(14, 9, 9, 32)",171,210,body.layer3.10.conv1.conv,0.9022758893093499,0.632754806276639,0.15815104290213253
twins_pcpvt_base.in1k,red_central_it,"(14, 3, 224, 224)","(14, 9, 9, 32)",171,210,blocks.2.3.attn.proj_drop,0.9022758893093499,0.5745807421408098,0.13352923736802833
twins_pcpvt_large.in1k,red_central_it,"(14, 3, 224, 224)","(14, 9, 9, 32)",171,210,blocks.2.1.attn.proj_drop,0.9022758893093499,0.5711635559331472,0.12803373821429792
twins_pcpvt_small.in1k,red_central_it,"(14, 3, 224, 224)","(14, 9, 9, 32)",171,210,blocks.2.2.attn.proj_drop,0.9022758893093499,0.518015461462787,0.1583049144561911
twins_svt_base.in1k,red_central_it,"(14, 3, 224, 224)","(14, 9, 9, 32)",171,210,blocks.2.10.norm2,0.9022758893093499,0.5795717121909286,0.17540694152945774
twins_svt_small.in1k,red_central_it,"(14, 3, 224, 224)","(14, 9, 9, 32)",171,210,pos_block.2,0.9022758893093499,0.5832052924315299,0.13759576333570073
vgg11_bn.tv_in1k,red_central_it,"(14, 3, 224, 224)","(14, 9, 9, 32)",171,210,features.18,0.9022758893093499,0.42147900024208607,0.09729781748512141
vgg11.tv_in1k,red_central_it,"(14, 3, 224, 224)","(14, 9, 9, 32)",171,210,features.18,0.9022758893093499,0.46957251424215113,0.17271320099509563
vgg13_bn.tv_in1k,red_central_it,"(14, 3, 224, 224)","(14, 9, 9, 32)",171,210,features.28,0.9022758893093499,0.5369465227575485,0.15298125320986153
vgg13.tv_in1k,red_central_it,"(14, 3, 224, 224)","(14, 9, 9, 32)",171,210,features.18,0.9022758893093499,0.37061043743165617,0.11532743089913962
vgg16_bn.tv_in1k,red_central_it,"(14, 3, 224, 224)","(14, 9, 9, 32)",171,210,features.38,0.9022758893093499,0.49047776223916484,0.1254935626650304
vgg16.tv_in1k,red_central_it,"(14, 3, 224, 224)","(14, 9, 9, 32)",171,210,features.28,0.9022758893093499,0.5149653587954867,0.1575629465917878
vgg19_bn.tv_in1k,red_central_it,"(14, 3, 224, 224)","(14, 9, 9, 32)",171,210,features.8,0.9022758893093499,0.42274624972401503,0.11016809432733411
vgg19.tv_in1k,red_central_it,"(14, 3, 224, 224)","(14, 9, 9, 32)",171,210,features.28,0.9022758893093499,0.5594537212351904,0.18839633251492943
visformer_small.in1k,red_central_it,"(14, 3, 224, 224)","(14, 9, 9, 32)",171,210,stage2.0.mlp,0.9022758893093499,0.5484769581102702,0.1583805696192185
visformer_tiny.in1k,red_central_it,"(14, 3, 224, 224)","(14, 9, 9, 32)",171,210,stage2.1.attn.qkv,0.9022758893093499,0.6287756886406138,0.15311917031396322
vit_base_patch16_224_miil.in21k_ft_in1k,red_central_it,"(14, 3, 224, 224)","(14, 9, 9, 32)",171,210,blocks.1.norm1,0.9022758893093499,0.6270325255554767,0.15846485574673203
vit_base_patch16_224.augreg_in1k,red_central_it,"(14, 3, 224, 224)","(14, 9, 9, 32)",171,210,blocks.1.norm1,0.9022758893093499,0.6241233025922776,0.16483766465510694
vit_base_patch16_224.augreg_in21k_ft_in1k,red_central_it,"(14, 3, 224, 224)","(14, 9, 9, 32)",171,210,blocks.1.norm1,0.9022758893093499,0.6330321779222895,0.17305953723154252
vit_base_patch16_224.augreg2_in21k_ft_in1k,red_central_it,"(14, 3, 224, 224)","(14, 9, 9, 32)",171,210,blocks.1.norm1,0.9022758893093499,0.6364174397869717,0.16683762616663442
vit_base_patch16_224.orig_in21k_ft_in1k,red_central_it,"(14, 3, 224, 224)","(14, 9, 9, 32)",171,210,blocks.2,0.9022758893093499,0.61541040526165,0.10963801645613762
vit_base_patch16_224.sam_in1k,red_central_it,"(14, 3, 224, 224)","(14, 9, 9, 32)",171,210,blocks.1.norm2,0.9022758893093499,0.6382700918884917,0.14387226026547542
vit_base_patch16_rpn_224.sw_in1k,red_central_it,"(14, 3, 224, 224)","(14, 9, 9, 32)",171,210,blocks.5.attn.proj_drop,0.9022758893093499,0.5470108584938534,0.19797543908664803
vit_base_patch8_224.augreg_in21k_ft_in1k,red_central_it,"(14, 3, 224, 224)","(14, 9, 9, 32)",171,210,blocks.1.norm1,0.9022758893093499,0.6438599484147489,0.14074838138605422
vit_base_patch8_224.augreg2_in21k_ft_in1k,red_central_it,"(14, 3, 224, 224)","(14, 9, 9, 32)",171,210,blocks.1.norm1,0.9022758893093499,0.6457063255875273,0.1390809776183767
vit_small_patch16_224.augreg_in1k,red_central_it,"(14, 3, 224, 224)","(14, 9, 9, 32)",171,210,blocks.1.norm1,0.9022758893093499,0.6356995657086802,0.14537974181910124
vit_small_patch16_224.augreg_in21k_ft_in1k,red_central_it,"(14, 3, 224, 224)","(14, 9, 9, 32)",171,210,blocks.1.norm2,0.9022758893093499,0.6206617954778819,0.1486476987746318
vit_srelpos_medium_patch16_224.sw_in1k,red_central_it,"(14, 3, 224, 224)","(14, 9, 9, 32)",171,210,blocks.4.attn,0.9022758893093499,0.6197435979063584,0.17666382399051672
vit_srelpos_small_patch16_224.sw_in1k,red_central_it,"(14, 3, 224, 224)","(14, 9, 9, 32)",171,210,blocks.5.norm2,0.9022758893093499,0.6172533102941992,0.18472980203025913
vit_tiny_patch16_224.augreg_in21k_ft_in1k,red_central_it,"(14, 3, 224, 224)","(14, 9, 9, 32)",171,210,blocks.1.norm1,0.9022758893093499,0.6250704422180707,0.1493110762704272
vit_tiny_r_s16_p8_224.augreg_in21k_ft_in1k,red_central_it,"(14, 3, 224, 224)","(14, 9, 9, 32)",171,210,blocks.3.attn.q_norm,0.9022758893093499,0.5395531423911122,0.1575606826601178
vit_large_patch16_224.augreg_in21k_ft_in1k,red_central_it,"(14, 3, 224, 224)","(14, 9, 9, 32)",171,210,blocks.7.attn.k_norm,0.9022758893093499,0.5973288131103635,0.15155004478011802
vit_large_patch16_384.augreg_in21k_ft_in1k,red_central_it,"(14, 3, 224, 224)","(14, 9, 9, 32)",171,210,blocks.7.attn.k_norm,0.9022758893093499,0.6226086323776722,0.1479299426868558
vit_large_r50_s32_384.augreg_in21k_ft_in1k,red_central_it,"(14, 3, 224, 224)","(14, 9, 9, 32)",171,210,blocks.4.attn.k_norm,0.9022758893093499,0.5913899763310543,0.14663758437638913
vit_medium_patch16_gap_384.sw_in12k_ft_in1k,red_central_it,"(14, 3, 224, 224)","(14, 9, 9, 32)",171,210,blocks.4.attn.proj_drop,0.9022758893093499,0.6434016502851079,0.14572268024895363
vit_relpos_base_patch16_224.sw_in1k,red_central_it,"(14, 3, 224, 224)","(14, 9, 9, 32)",171,210,blocks.7.attn.k_norm,0.9022758893093499,0.5470860692483603,0.1665000480512127
vit_relpos_base_patch16_clsgap_224.sw_in1k,red_central_it,"(14, 3, 224, 224)","(14, 9, 9, 32)",171,210,blocks.7.attn.k_norm,0.9022758893093499,0.5694699180508936,0.18141437686352563
vit_relpos_medium_patch16_224.sw_in1k,red_central_it,"(14, 3, 224, 224)","(14, 9, 9, 32)",171,210,blocks.7.attn.k_norm,0.9022758893093499,0.574346733242473,0.14951889136309043
vit_relpos_medium_patch16_cls_224.sw_in1k,red_central_it,"(14, 3, 224, 224)","(14, 9, 9, 32)",171,210,blocks.4.attn.k_norm,0.9022758893093499,0.5703806881113226,0.12942470529080932
vit_relpos_medium_patch16_rpn_224.sw_in1k,red_central_it,"(14, 3, 224, 224)","(14, 9, 9, 32)",171,210,blocks.5.attn.proj,0.9022758893093499,0.5595553918003912,0.16458976449026322
vit_relpos_small_patch16_224.sw_in1k,red_central_it,"(14, 3, 224, 224)","(14, 9, 9, 32)",171,210,blocks.7.attn.k_norm,0.9022758893093499,0.5424623407745786,0.20924750658145522
volo_d1_384.sail_in1k,red_central_it,"(14, 3, 224, 224)","(14, 9, 9, 32)",171,210,network.2.0.attn.proj,0.9022758893093499,0.6667805558694958,0.16941532169951382
volo_d2_384.sail_in1k,red_central_it,"(14, 3, 224, 224)","(14, 9, 9, 32)",171,210,network.3.2,0.9022758893093499,0.6689371213096653,0.177301271469022
volo_d3_224.sail_in1k,red_central_it,"(14, 3, 224, 224)","(14, 9, 9, 32)",171,210,network.2.3.norm1,0.9022758893093499,0.6832507182581778,0.17504404921299974
volo_d4_224.sail_in1k,red_central_it,"(14, 3, 224, 224)","(14, 9, 9, 32)",171,210,network.2.3.norm1,0.9022758893093499,0.6854740790036339,0.16479017583123393
volo_d5_224.sail_in1k,red_central_it,"(14, 3, 224, 224)","(14, 9, 9, 32)",171,210,network.2.2.norm1,0.9022758893093499,0.6695670407716663,0.15988618311011613
volo_d1_224.sail_in1k,red_central_it,"(14, 3, 224, 224)","(14, 9, 9, 32)",171,210,network.2.0.attn.proj,0.9022758893093499,0.6576718400884594,0.16275748845606033
volo_d2_224.sail_in1k,red_central_it,"(14, 3, 224, 224)","(14, 9, 9, 32)",171,210,network.2.1.norm1,0.9022758893093499,0.6738816894625513,0.15176235297763413
xcit_medium_24_p8_224.fb_in1k,red_central_it,"(14, 3, 224, 224)","(14, 9, 9, 32)",171,210,blocks.14.norm2,0.9022758893093499,0.6418950458284551,0.16474372672643411
xcit_nano_12_p8_224.fb_in1k,red_central_it,"(14, 3, 224, 224)","(14, 9, 9, 32)",171,210,blocks.1,0.9022758893093499,0.6213741293177216,0.17502459679432283
xcit_small_12_p8_224.fb_in1k,red_central_it,"(14, 3, 224, 224)","(14, 9, 9, 32)",171,210,blocks.6,0.9022758893093499,0.6292169337348811,0.14713140436830083
xcit_small_24_p8_224.fb_in1k,red_central_it,"(14, 3, 224, 224)","(14, 9, 9, 32)",171,210,blocks.14.norm2,0.9022758893093499,0.6636375132490971,0.1592848004543351
xcit_tiny_12_p8_224.fb_in1k,red_central_it,"(14, 3, 224, 224)","(14, 9, 9, 32)",171,210,blocks.4.norm2,0.9022758893093499,0.6258090464333357,0.13944872335704533
xcit_tiny_24_p8_224.fb_in1k,red_central_it,"(14, 3, 224, 224)","(14, 9, 9, 32)",171,210,blocks.13.mlp.fc1,0.9022758893093499,0.6475853431193147,0.17498263084351712
convnext_base.fb_in22k_ft_in1k,red_central_it,"(14, 3, 224, 224)","(14, 9, 9, 32)",171,210,stages.2.blocks.14.norm,0.9022758893093499,0.5996214041407326,0.19190943164471244
convnext_base.fb_in22k_ft_in1k_384,red_central_it,"(14, 3, 224, 224)","(14, 9, 9, 32)",171,210,stages.2.blocks.19.norm,0.9022758893093499,0.6225267859668039,0.20235106508960143
convnext_large.fb_in22k_ft_in1k,red_central_it,"(14, 3, 224, 224)","(14, 9, 9, 32)",171,210,stages.2.blocks.14.norm,0.9022758893093499,0.6485724586501375,0.15271379193249743
convnext_large.fb_in22k_ft_in1k_384,red_central_it,"(14, 3, 224, 224)","(14, 9, 9, 32)",171,210,stages.2.blocks.14.norm,0.9022758893093499,0.6388339700269712,0.1577269724769044
convnext_small.in12k_ft_in1k_384,red_central_it,"(14, 3, 224, 224)","(14, 9, 9, 32)",171,210,stages.2.blocks.19.norm,0.9022758893093499,0.6159965621607683,0.16315962776147122
convnextv2_base.fcmae_ft_in22k_in1k,red_central_it,"(14, 3, 224, 224)","(14, 9, 9, 32)",171,210,stages.2.blocks.9.norm,0.9022758893093499,0.6242175851171754,0.14265426389300423
convnextv2_base.fcmae_ft_in22k_in1k_384,red_central_it,"(14, 3, 224, 224)","(14, 9, 9, 32)",171,210,stages.2.blocks.9.norm,0.9022758893093499,0.6357806393513319,0.17246164194864064
convnextv2_large.fcmae_ft_in1k,red_central_it,"(14, 3, 224, 224)","(14, 9, 9, 32)",171,210,stages.2.blocks.14.norm,0.9022758893093499,0.6463671057997704,0.16930529636054523
convnextv2_large.fcmae_ft_in22k_in1k,red_central_it,"(14, 3, 224, 224)","(14, 9, 9, 32)",171,210,stages.2.blocks.9.norm,0.9022758893093499,0.6144218554305076,0.16235554768378424
convnextv2_large.fcmae_ft_in22k_in1k_384,red_central_it,"(14, 3, 224, 224)","(14, 9, 9, 32)",171,210,stages.2.blocks.14.norm,0.9022758893093499,0.6467005455322099,0.16695579448533943
crossvit_9_240.in1k,red_central_it,"(14, 3, 224, 224)","(14, 9, 9, 32)",171,210,blocks.0.blocks.1.2.attn.k_norm,0.9022758893093499,0.6163760693037689,0.1624558560295551
crossvit_tiny_240.in1k,red_central_it,"(14, 3, 224, 224)","(14, 9, 9, 32)",171,210,blocks.0.blocks.1.2.attn.k_norm,0.9022758893093499,0.6022259757223444,0.15997258433143902
tf_mobilenetv3_large_075.in1k,red_central_it,"(14, 3, 224, 224)","(14, 9, 9, 32)",171,210,blocks.3.3.bn2.drop,0.9022758893093499,0.49544547807127653,0.12434785988652891
tf_mobilenetv3_large_minimal_100.in1k,red_central_it,"(14, 3, 224, 224)","(14, 9, 9, 32)",171,210,blocks.5.1.bn2.drop,0.9022758893093499,0.5910644823408344,0.19307952208984602
tf_mobilenetv3_small_075.in1k,red_central_it,"(14, 3, 224, 224)","(14, 9, 9, 32)",171,210,blocks.2.1.bn2.drop,0.9022758893093499,0.46206637457128086,0.11671483887831842
tf_mobilenetv3_small_100.in1k,red_central_it,"(14, 3, 224, 224)","(14, 9, 9, 32)",171,210,blocks.2.1.bn2.drop,0.9022758893093499,0.45614358065672833,0.0720162586774138
mobilevit_xs.cvnets_in1k,red_central_it,"(14, 3, 224, 224)","(14, 9, 9, 32)",171,210,stages.4.1.conv_kxk.bn.act,0.9022758893093499,0.5349080924181664,0.20885447316920863
mobilevit_xxs.cvnets_in1k,red_central_it,"(14, 3, 224, 224)","(14, 9, 9, 32)",171,210,stages.4.1.conv_kxk.bn.drop,0.9022758893093499,0.5689156111041891,0.22368615495352934
mobilevitv2_050.cvnets_in1k,red_central_it,"(14, 3, 224, 224)","(14, 9, 9, 32)",171,210,stages.3.1.conv_proj.bn.act,0.9022758893093499,0.45910994423095564,0.12338021984506681
legacy_seresnet18.in1k,red_central_it,"(14, 3, 224, 224)","(14, 9, 9, 32)",171,210,layer3.0.bn2,0.9022758893093499,0.48045631251650206,0.1336830970069699
legacy_seresnet34.in1k,red_central_it,"(14, 3, 224, 224)","(14, 9, 9, 32)",171,210,layer3.2.se_module,0.9022758893093499,0.5412436620763195,0.15305311269898403
seresnextaa101d_32x8d.sw_in12k_ft_in1k,red_central_it,"(14, 3, 224, 224)","(14, 9, 9, 32)",171,210,layer1.1.bn2,0.9022758893093499,0.41102730028778917,0.10916061458557802
seresnextaa101d_32x8d.sw_in12k_ft_in1k_288,red_central_it,"(14, 3, 224, 224)","(14, 9, 9, 32)",171,210,layer2.1.drop_block,0.9022758893093499,0.38477387796735696,0.11864743101620151
semnasnet_075.rmsp_in1k,red_central_it,"(14, 3, 224, 224)","(14, 9, 9, 32)",171,210,blocks.3.3.bn2.drop,0.9022758893093499,0.46416708013841623,0.12085081572440812
mnasnet_100.rmsp_in1k,red_central_it,"(14, 3, 224, 224)","(14, 9, 9, 32)",171,210,blocks.3.2.se,0.9022758893093499,0.5032731406821945,0.13525212557757882
mnasnet_small.lamb_in1k,red_central_it,"(14, 3, 224, 224)","(14, 9, 9, 32)",171,210,blocks.3.3.bn2.drop,0.9022758893093499,0.49523657516721836,0.12151152459247541
swinv2_base_window12to16_192to256.ms_in22k_ft_in1k,red_central_it,"(14, 3, 224, 224)","(14, 9, 9, 32)",171,210,layers.2.blocks.7,0.9022758893093499,0.6352380112825129,0.14506959906564262
swinv2_base_window12to24_192to384.ms_in22k_ft_in1k,red_central_it,"(14, 3, 224, 224)","(14, 9, 9, 32)",171,210,layers.2.blocks.8.attn.proj,0.9022758893093499,0.6400136103386891,0.14803297396195653
swinv2_large_window12to16_192to256.ms_in22k_ft_in1k,red_central_it,"(14, 3, 224, 224)","(14, 9, 9, 32)",171,210,layers.2.blocks.7,0.9022758893093499,0.6026434390585015,0.1435574181942756
swinv2_large_window12to24_192to384.ms_in22k_ft_in1k,red_central_it,"(14, 3, 224, 224)","(14, 9, 9, 32)",171,210,layers.2.blocks.7,0.9022758893093499,0.6121458219057911,0.15316582371314472
swinv2_cr_small_224.sw_in1k,red_central_it,"(14, 3, 224, 224)","(14, 9, 9, 32)",171,210,stages.2.blocks.4.norm2,0.9022758893093499,0.5031730387033269,0.1480000777362522
swinv2_cr_small_ns_224.sw_in1k,red_central_it,"(14, 3, 224, 224)","(14, 9, 9, 32)",171,210,stages.2.blocks.8.norm2,0.9022758893093499,0.47438169395780616,0.11199839979572841
swinv2_cr_tiny_ns_224.sw_in1k,red_central_it,"(14, 3, 224, 224)","(14, 9, 9, 32)",171,210,stages.2.blocks.2.norm2,0.9022758893093499,0.46939803853685796,0.153075908938908
eva_large_patch14_196.in22k_ft_in1k,red_central_it,"(14, 3, 224, 224)","(14, 9, 9, 32)",171,210,blocks.8.attn.q_norm,0.9022758893093499,0.612848617316544,0.16177261161463533
eva_large_patch14_196.in22k_ft_in22k_in1k,red_central_it,"(14, 3, 224, 224)","(14, 9, 9, 32)",171,210,blocks.8.attn.q_norm,0.9022758893093499,0.6116080896475404,0.16142238025616543
eva_large_patch14_336.in22k_ft_in1k,red_central_it,"(14, 3, 224, 224)","(14, 9, 9, 32)",171,210,blocks.7.attn.k_norm,0.9022758893093499,0.6278655629730678,0.14965784198019394
eva_large_patch14_336.in22k_ft_in22k_in1k,red_central_it,"(14, 3, 224, 224)","(14, 9, 9, 32)",171,210,blocks.7.attn.k_norm,0.9022758893093499,0.6344606368470455,0.15299522889084152
eva02_base_patch14_448.mim_in22k_ft_in1k,red_central_it,"(14, 3, 224, 224)","(14, 9, 9, 32)",171,210,blocks.4.attn.v_proj,0.9022758893093499,0.6474535418248486,0.14296589735775392
eva02_base_patch14_448.mim_in22k_ft_in22k_in1k,red_central_it,"(14, 3, 224, 224)","(14, 9, 9, 32)",171,210,blocks.5.attn.q_proj,0.9022758893093499,0.6308331757995967,0.17208650351787314
eva02_large_patch14_448.mim_in22k_ft_in1k,red_central_it,"(14, 3, 224, 224)","(14, 9, 9, 32)",171,210,blocks.4.mlp.act,0.9022758893093499,0.47144011372485367,0.1349053463433866
eva02_large_patch14_448.mim_in22k_ft_in22k_in1k,red_central_it,"(14, 3, 224, 224)","(14, 9, 9, 32)",171,210,blocks.4.mlp.act,0.9022758893093499,0.47272023980027134,0.12233130245885722
eva02_large_patch14_448.mim_m38m_ft_in1k,red_central_it,"(14, 3, 224, 224)","(14, 9, 9, 32)",171,210,blocks.4.mlp.act,0.9022758893093499,0.5444815299130117,0.14961232184048193
tinynet_b.in1k,red_central_it,"(14, 3, 224, 224)","(14, 9, 9, 32)",171,210,blocks.5.2.conv_dw,0.9022758893093499,0.5845512500695668,0.20064553617787412
tinynet_c.in1k,red_central_it,"(14, 3, 224, 224)","(14, 9, 9, 32)",171,210,blocks.5.2.conv_dw,0.9022758893093499,0.5709397340960763,0.20852777487178054
edgenext_xx_small.in1k,red_central_it,"(14, 3, 224, 224)","(14, 9, 9, 32)",171,210,stages.1.blocks.1.pos_embd.token_projection,0.9022758893093499,0.6677934349128837,0.16361220389347883
ghostnet_100.in1k,red_central_it,"(14, 3, 224, 224)","(14, 9, 9, 32)",171,210,blocks.8.2.ghost1.cheap_operation.1,0.9022758893093499,0.5004746377903007,0.16176660621543784
spnasnet_100.rmsp_in1k,red_central_it,"(14, 3, 224, 224)","(14, 9, 9, 32)",171,210,blocks.4.3.bn2.act,0.9022758893093499,0.5922597677946293,0.17755609627647642
resnet18_l2_eps0.01,red_central_it,"(14, 3, 224, 224)","(14, 9, 9, 32)",171,210,layer3.0.bn2,0.9022758893093499,0.48026917392493024,0.14165700990687924
resnet18_l2_eps0.03,red_central_it,"(14, 3, 224, 224)","(14, 9, 9, 32)",171,210,layer3.0.bn2,0.9022758893093499,0.5113960444646415,0.12491562473635491
resnet18_l2_eps0.05,red_central_it,"(14, 3, 224, 224)","(14, 9, 9, 32)",171,210,layer3.0.bn2,0.9022758893093499,0.5312318356521994,0.14140125070835022
resnet18_l2_eps0.1,red_central_it,"(14, 3, 224, 224)","(14, 9, 9, 32)",171,210,layer3.0.bn2,0.9022758893093499,0.5178941049368491,0.14685184687438943
resnet18_l2_eps0.25,red_central_it,"(14, 3, 224, 224)","(14, 9, 9, 32)",171,210,layer3.0.bn2,0.9022758893093499,0.48183121182097544,0.12269998362116281
resnet18_l2_eps0.5,red_central_it,"(14, 3, 224, 224)","(14, 9, 9, 32)",171,210,layer3.0.bn2,0.9022758893093499,0.5315932893926523,0.13705043980584922
resnet18_l2_eps1,red_central_it,"(14, 3, 224, 224)","(14, 9, 9, 32)",171,210,layer3.0.bn2,0.9022758893093499,0.49761355744634816,0.14202730129726812
resnet18_l2_eps3,red_central_it,"(14, 3, 224, 224)","(14, 9, 9, 32)",171,210,layer3.0.bn2,0.9022758893093499,0.5097300325692694,0.12386686377309732
resnet18_l2_eps5,red_central_it,"(14, 3, 224, 224)","(14, 9, 9, 32)",171,210,layer3.0.bn2,0.9022758893093499,0.5139996564832662,0.14781285578639092
resnet50_l2_eps0.01,red_central_it,"(14, 3, 224, 224)","(14, 9, 9, 32)",171,210,layer3.3.conv2,0.9022758893093499,0.5776488308269229,0.18396993455856703
resnet50_l2_eps0.03,red_central_it,"(14, 3, 224, 224)","(14, 9, 9, 32)",171,210,layer3.3.conv2,0.9022758893093499,0.5848561401644864,0.17015664629139052
resnet50_l2_eps0.05,red_central_it,"(14, 3, 224, 224)","(14, 9, 9, 32)",171,210,layer3.3.conv2,0.9022758893093499,0.5833099097097385,0.16843648907125472
resnet50_l2_eps0.1,red_central_it,"(14, 3, 224, 224)","(14, 9, 9, 32)",171,210,layer3.3.conv2,0.9022758893093499,0.5704600041201313,0.16622883410806463
resnet50_l2_eps0.25,red_central_it,"(14, 3, 224, 224)","(14, 9, 9, 32)",171,210,layer3.3.conv2,0.9022758893093499,0.58609292883405,0.15677919384741182
resnet50_l2_eps0.5,red_central_it,"(14, 3, 224, 224)","(14, 9, 9, 32)",171,210,layer3.3.conv2,0.9022758893093499,0.5821043417295054,0.16727583751377254
resnet50_l2_eps1,red_central_it,"(14, 3, 224, 224)","(14, 9, 9, 32)",171,210,layer3.3.conv2,0.9022758893093499,0.5541640839243482,0.17395130064176914
resnet50_l2_eps3,red_central_it,"(14, 3, 224, 224)","(14, 9, 9, 32)",171,210,layer3.3.conv2,0.9022758893093499,0.5814669292226594,0.12889207808857814
resnet50_l2_eps5,red_central_it,"(14, 3, 224, 224)","(14, 9, 9, 32)",171,210,layer3.3.conv2,0.9022758893093499,0.6051003245467704,0.14840958755599773
wide_resnet50_2_l2_eps0.01,red_central_it,"(14, 3, 224, 224)","(14, 9, 9, 32)",171,210,layer3.3.conv2,0.9022758893093499,0.5335225782275506,0.14213206618903323
wide_resnet50_2_l2_eps0.03,red_central_it,"(14, 3, 224, 224)","(14, 9, 9, 32)",171,210,layer3.3.conv2,0.9022758893093499,0.5775737626767197,0.14689923829028112
wide_resnet50_2_l2_eps0.05,red_central_it,"(14, 3, 224, 224)","(14, 9, 9, 32)",171,210,layer3.3.conv2,0.9022758893093499,0.5803646655426402,0.15881251681724654
wide_resnet50_2_l2_eps0.1,red_central_it,"(14, 3, 224, 224)","(14, 9, 9, 32)",171,210,layer3.3.conv2,0.9022758893093499,0.592537012836095,0.20161974175423453
wide_resnet50_2_l2_eps0.25,red_central_it,"(14, 3, 224, 224)","(14, 9, 9, 32)",171,210,layer3.3.conv2,0.9022758893093499,0.621677861761607,0.18358182861365202
wide_resnet50_2_l2_eps0.5,red_central_it,"(14, 3, 224, 224)","(14, 9, 9, 32)",171,210,layer3.3.conv2,0.9022758893093499,0.6179387706116906,0.1684558248798834
wide_resnet50_2_l2_eps1,red_central_it,"(14, 3, 224, 224)","(14, 9, 9, 32)",171,210,layer3.3.conv2,0.9022758893093499,0.5980749584644632,0.1725202869143166
wide_resnet50_2_l2_eps3,red_central_it,"(14, 3, 224, 224)","(14, 9, 9, 32)",171,210,layer3.3.conv2,0.9022758893093499,0.6038769743060265,0.17845743346529794
wide_resnet50_2_l2_eps5,red_central_it,"(14, 3, 224, 224)","(14, 9, 9, 32)",171,210,layer3.3.conv2,0.9022758893093499,0.6005741695846698,0.17472742754903683
resnet18_linf_eps0.5,red_central_it,"(14, 3, 224, 224)","(14, 9, 9, 32)",171,210,layer3.0.bn2,0.9022758893093499,0.5135057989858072,0.1456015957062528
resnet18_linf_eps1.0,red_central_it,"(14, 3, 224, 224)","(14, 9, 9, 32)",171,210,layer3.0.bn2,0.9022758893093499,0.5178937456595922,0.13302912075164594
resnet18_linf_eps2.0,red_central_it,"(14, 3, 224, 224)","(14, 9, 9, 32)",171,210,layer3.0.bn2,0.9022758893093499,0.5378197161106903,0.1527439101962984
resnet18_linf_eps4.0,red_central_it,"(14, 3, 224, 224)","(14, 9, 9, 32)",171,210,layer3.0.bn2,0.9022758893093499,0.5538006321036881,0.14677617169988852
resnet18_linf_eps8.0,red_central_it,"(14, 3, 224, 224)","(14, 9, 9, 32)",171,210,layer3.0.bn2,0.9022758893093499,0.49451885373225535,0.15418487583283422
resnet50_linf_eps0.5,red_central_it,"(14, 3, 224, 224)","(14, 9, 9, 32)",171,210,layer3.3.conv2,0.9022758893093499,0.6180672654192858,0.16765779833989672
resnet50_linf_eps1.0,red_central_it,"(14, 3, 224, 224)","(14, 9, 9, 32)",171,210,layer3.3.conv2,0.9022758893093499,0.556444337288637,0.17361113963011993
resnet50_linf_eps2.0,red_central_it,"(14, 3, 224, 224)","(14, 9, 9, 32)",171,210,layer3.3.conv2,0.9022758893093499,0.6006234941412397,0.15406542523503222
resnet50_linf_eps4.0,red_central_it,"(14, 3, 224, 224)","(14, 9, 9, 32)",171,210,layer3.3.conv2,0.9022758893093499,0.5770444985454004,0.14529608170232963
resnet50_linf_eps8.0,red_central_it,"(14, 3, 224, 224)","(14, 9, 9, 32)",171,210,layer3.3.conv2,0.9022758893093499,0.5632835666681127,0.1671170136733045
wide_resnet50_2_linf_eps0.5,red_central_it,"(14, 3, 224, 224)","(14, 9, 9, 32)",171,210,layer3.3.conv2,0.9022758893093499,0.5912611429312353,0.15441526213540083
wide_resnet50_2_linf_eps1.0,red_central_it,"(14, 3, 224, 224)","(14, 9, 9, 32)",171,210,layer3.3.conv2,0.9022758893093499,0.6285996190645636,0.16614648369978294
wide_resnet50_2_linf_eps2.0,red_central_it,"(14, 3, 224, 224)","(14, 9, 9, 32)",171,210,layer3.3.conv2,0.9022758893093499,0.5862385916913508,0.15419736574795903
wide_resnet50_2_linf_eps4.0,red_central_it,"(14, 3, 224, 224)","(14, 9, 9, 32)",171,210,layer3.3.conv2,0.9022758893093499,0.5804443103127591,0.1825445661567843
wide_resnet50_2_linf_eps8.0,red_central_it,"(14, 3, 224, 224)","(14, 9, 9, 32)",171,210,layer3.3.conv2,0.9022758893093499,0.5623536487074247,0.14204211774965983
vit_large_patch14_clip_224.openai_ft_in12k_in1k,red_central_it,"(14, 3, 224, 224)","(14, 9, 9, 32)",171,210,blocks.7.attn.k_norm,0.9022758893093499,0.6033140594623179,0.15822913379896852
vit_large_patch14_clip_224.laion2b_ft_in12k_in1k,red_central_it,"(14, 3, 224, 224)","(14, 9, 9, 32)",171,210,blocks.8.attn.q_norm,0.9022758893093499,0.5957502525757984,0.16288000685440082
vit_large_patch14_clip_224.openai_ft_in1k,red_central_it,"(14, 3, 224, 224)","(14, 9, 9, 32)",171,210,blocks.7.attn.k_norm,0.9022758893093499,0.6094244082154298,0.15058163289321053
vit_large_patch14_clip_224.laion2b_ft_in1k,red_central_it,"(14, 3, 224, 224)","(14, 9, 9, 32)",171,210,blocks.8.attn.q_norm,0.9022758893093499,0.5934081146635725,0.16320305729060713
vit_base_patch16_clip_224.laion2b_ft_in12k_in1k,red_central_it,"(14, 3, 224, 224)","(14, 9, 9, 32)",171,210,blocks.2.drop_path1,0.9022758893093499,0.6163813990887043,0.13695350482883112
vit_base_patch16_clip_224.openai_ft_in12k_in1k,red_central_it,"(14, 3, 224, 224)","(14, 9, 9, 32)",171,210,blocks.4.attn.proj_drop,0.9022758893093499,0.5954924610147427,0.1998825482758003
vit_base_patch16_clip_224.laion2b_ft_in1k,red_central_it,"(14, 3, 224, 224)","(14, 9, 9, 32)",171,210,blocks.4.attn.proj_drop,0.9022758893093499,0.6321428959745267,0.19427788533622511
vit_base_patch16_clip_224.openai_ft_in1k,red_central_it,"(14, 3, 224, 224)","(14, 9, 9, 32)",171,210,blocks.4.attn.proj_drop,0.9022758893093499,0.6208651139618185,0.17490467043160424
vit_base_patch32_clip_224.laion2b_ft_in12k_in1k,red_central_it,"(14, 3, 224, 224)","(14, 9, 9, 32)",171,210,blocks.7.attn.k_norm,0.9022758893093499,0.5233682251265054,0.18881664973037993
vit_base_patch32_clip_224.laion2b_ft_in1k,red_central_it,"(14, 3, 224, 224)","(14, 9, 9, 32)",171,210,blocks.5.mlp.fc2,0.9022758893093499,0.49734140220011863,0.21253342235941103
vit_base_patch32_clip_224.openai_ft_in1k,red_central_it,"(14, 3, 224, 224)","(14, 9, 9, 32)",171,210,blocks.4.attn.proj_drop,0.9022758893093499,0.5056724851565505,0.1676357602057554
resnet50.dino,red_central_it,"(14, 3, 224, 224)","(14, 9, 9, 32)",171,210,model.layer3.3.bn1,0.9022758893093499,0.5720867312935897,0.1337786575936293
xcit_small_12_p16.dino,red_central_it,"(14, 3, 224, 224)","(14, 9, 9, 32)",171,210,model.pos_embeder,0.9022758893093499,0.6790564326199843,0.16005644879275652
xcit_medium_24_p16.dino,red_central_it,"(14, 3, 224, 224)","(14, 9, 9, 32)",171,210,model.blocks.9.local_mp.conv2,0.9022758893093499,0.616470184555072,0.18370010050904204
vit_giant_patch14_dinov2.lvd142m,red_central_it,"(14, 3, 224, 224)","(14, 9, 9, 32)",171,210,model.blocks.15.norm2,0.9022758893093499,0.46717898754635717,0.10681697044742611
vit_large_patch14_dinov2.lvd142m,red_central_it,"(14, 3, 224, 224)","(14, 9, 9, 32)",171,210,model.blocks.16.mlp.act,0.9022758893093499,0.5157352014264636,0.13272481925169013
vit_base_patch14_dinov2.lvd142m,red_central_it,"(14, 3, 224, 224)","(14, 9, 9, 32)",171,210,model.blocks.2,0.9022758893093499,0.5940817480005451,0.1437424940020387
vit_small_patch14_dinov2.lvd142m,red_central_it,"(14, 3, 224, 224)","(14, 9, 9, 32)",171,210,model.blocks.5.norm2,0.9022758893093499,0.6320712452588854,0.16159664038520963
