model_name,stimuli_name,stimuli_shape,neural_response_shape,time_a,time_b,layer_name,ceiling_score,brain_score,brain_score_std
beit_base_patch16_224.in22k_ft_in22k_in1k,red_central_it,"(14, 3, 224, 224)","(14, 9, 9, 32)",211,250,blocks.1.drop_path1,0.8589651153038641,0.49410122001992085,0.21200400759297094
beitv2_base_patch16_224.in1k_ft_in1k,red_central_it,"(14, 3, 224, 224)","(14, 9, 9, 32)",211,250,blocks.1.drop_path1,0.8589651153038641,0.45933621409744896,0.19901508024607054
beitv2_base_patch16_224.in1k_ft_in22k_in1k,red_central_it,"(14, 3, 224, 224)","(14, 9, 9, 32)",211,250,blocks.6.attn,0.8589651153038641,0.48416022391218866,0.21098205218642313
beit_base_patch16_384.in22k_ft_in22k_in1k,red_central_it,"(14, 3, 224, 224)","(14, 9, 9, 32)",211,250,blocks.4.attn.proj_drop,0.8589651153038641,0.507545102351085,0.21710930038942272
beit_large_patch16_224.in22k_ft_in22k_in1k,red_central_it,"(14, 3, 224, 224)","(14, 9, 9, 32)",211,250,blocks.9.mlp.act,0.8589651153038641,0.3683682869340333,0.20370633423543072
beit_large_patch16_384.in22k_ft_in22k_in1k,red_central_it,"(14, 3, 224, 224)","(14, 9, 9, 32)",211,250,blocks.9.mlp.act,0.8589651153038641,0.4140535126405076,0.19485303796018436
beit_large_patch16_512.in22k_ft_in22k_in1k,red_central_it,"(14, 3, 224, 224)","(14, 9, 9, 32)",211,250,blocks.9.mlp.act,0.8589651153038641,0.39460944776792006,0.1901539444345036
beitv2_large_patch16_224.in1k_ft_in1k,red_central_it,"(14, 3, 224, 224)","(14, 9, 9, 32)",211,250,blocks.9.mlp.act,0.8589651153038641,0.4053748047605401,0.20985578129228896
beitv2_large_patch16_224.in1k_ft_in22k_in1k,red_central_it,"(14, 3, 224, 224)","(14, 9, 9, 32)",211,250,blocks.9.mlp.act,0.8589651153038641,0.4053613868977119,0.20743360893174798
caformer_m36.sail_in1k,red_central_it,"(14, 3, 224, 224)","(14, 9, 9, 32)",211,250,stages.2.blocks.1,0.8589651153038641,0.5526881843792935,0.21812149939646194
caformer_m36.sail_in22k_ft_in1k,red_central_it,"(14, 3, 224, 224)","(14, 9, 9, 32)",211,250,stages.2.blocks.1.norm2,0.8589651153038641,0.5436721323051895,0.2142066706010447
caformer_s18.sail_in1k,red_central_it,"(14, 3, 224, 224)","(14, 9, 9, 32)",211,250,stages.2.blocks.4.norm2,0.8589651153038641,0.5444825050967063,0.2216099711761146
caformer_s18.sail_in22k_ft_in1k,red_central_it,"(14, 3, 224, 224)","(14, 9, 9, 32)",211,250,stages.2.blocks.0.layer_scale1,0.8589651153038641,0.5812907978398766,0.22068112399705228
caformer_s36.sail_in1k,red_central_it,"(14, 3, 224, 224)","(14, 9, 9, 32)",211,250,stages.2.blocks.1.norm2,0.8589651153038641,0.5651626222722321,0.21563429745125134
caformer_s36.sail_in22k_ft_in1k,red_central_it,"(14, 3, 224, 224)","(14, 9, 9, 32)",211,250,stages.2.blocks.1.norm2,0.8589651153038641,0.5629359086868831,0.2202981223868839
cait_s24_224.fb_dist_in1k,red_central_it,"(14, 3, 224, 224)","(14, 9, 9, 32)",211,250,blocks.18.norm2,0.8589651153038641,0.5388209445451364,0.2281566578056292
cait_xxs24_224.fb_dist_in1k,red_central_it,"(14, 3, 224, 224)","(14, 9, 9, 32)",211,250,blocks.18.norm2,0.8589651153038641,0.5698076261673587,0.24814657311051805
cait_xxs36_224.fb_dist_in1k,red_central_it,"(14, 3, 224, 224)","(14, 9, 9, 32)",211,250,blocks.23.norm2,0.8589651153038641,0.5651876123632478,0.22605290589999255
coat_lite_medium.in1k,red_central_it,"(14, 3, 224, 224)","(14, 9, 9, 32)",211,250,serial_blocks3.4.norm2,0.8589651153038641,0.5045940895729913,0.194122685515778
coat_lite_mini.in1k,red_central_it,"(14, 3, 224, 224)","(14, 9, 9, 32)",211,250,patch_embed4,0.8589651153038641,0.3798080950392129,0.20354128877091934
coat_lite_small.in1k,red_central_it,"(14, 3, 224, 224)","(14, 9, 9, 32)",211,250,serial_blocks3.4,0.8589651153038641,0.45590367381412755,0.2002488603277877
coat_lite_tiny.in1k,red_central_it,"(14, 3, 224, 224)","(14, 9, 9, 32)",211,250,serial_blocks3.0.factoratt_crpe,0.8589651153038641,0.4855237953304753,0.20493625006792196
coat_mini.in1k,red_central_it,"(14, 3, 224, 224)","(14, 9, 9, 32)",211,250,crpe4.conv_list.2,0.8589651153038641,0.4868653398446092,0.2549922708743379
coat_small.in1k,red_central_it,"(14, 3, 224, 224)","(14, 9, 9, 32)",211,250,serial_blocks4.1.factoratt_crpe.qkv,0.8589651153038641,0.5728660174811352,0.2503806130706217
coat_tiny.in1k,red_central_it,"(14, 3, 224, 224)","(14, 9, 9, 32)",211,250,serial_blocks4.1.factoratt_crpe.qkv,0.8589651153038641,0.4742600976804748,0.2273631134986933
coatnet_0_rw_224.sw_in1k,red_central_it,"(14, 3, 224, 224)","(14, 9, 9, 32)",211,250,stages.2.blocks.4.norm1,0.8589651153038641,0.34480997026015064,0.20004785552956672
coatnet_1_rw_224.sw_in1k,red_central_it,"(14, 3, 224, 224)","(14, 9, 9, 32)",211,250,stages.2.blocks.0.drop_path1,0.8589651153038641,0.48698812953259857,0.1875579741448053
coatnet_bn_0_rw_224.sw_in1k,red_central_it,"(14, 3, 224, 224)","(14, 9, 9, 32)",211,250,stages.3.blocks.0.norm1,0.8589651153038641,0.33580907431589574,0.16802069682589185
coatnet_nano_rw_224.sw_in1k,red_central_it,"(14, 3, 224, 224)","(14, 9, 9, 32)",211,250,stages.2.blocks.0.attn.proj_drop,0.8589651153038641,0.394531758591081,0.2391051304773534
coatnet_rmlp_1_rw_224.sw_in1k,red_central_it,"(14, 3, 224, 224)","(14, 9, 9, 32)",211,250,stages.2.blocks.3.norm1,0.8589651153038641,0.49746207363296746,0.1739945028830592
coatnet_rmlp_1_rw2_224.sw_in12k_ft_in1k,red_central_it,"(14, 3, 224, 224)","(14, 9, 9, 32)",211,250,stages.2.blocks.1.norm1,0.8589651153038641,0.45932751239032266,0.17793518214610718
coatnet_rmlp_2_rw_224.sw_in1k,red_central_it,"(14, 3, 224, 224)","(14, 9, 9, 32)",211,250,stages.2.blocks.1.norm1,0.8589651153038641,0.48662091324921575,0.21217003202387472
coatnet_rmlp_nano_rw_224.sw_in1k,red_central_it,"(14, 3, 224, 224)","(14, 9, 9, 32)",211,250,stages.2.blocks.2.attn.proj_drop,0.8589651153038641,0.3627437323271926,0.1685041531224399
convit_base.fb_in1k,red_central_it,"(14, 3, 224, 224)","(14, 9, 9, 32)",211,250,blocks.6.attn.proj,0.8589651153038641,0.5535067670671303,0.2408380960248956
convit_small.fb_in1k,red_central_it,"(14, 3, 224, 224)","(14, 9, 9, 32)",211,250,blocks.5.attn.v,0.8589651153038641,0.5555322119987732,0.19936073785197506
convit_tiny.fb_in1k,red_central_it,"(14, 3, 224, 224)","(14, 9, 9, 32)",211,250,blocks.4.mlp.fc1,0.8589651153038641,0.5559909742124439,0.2035982697064512
convmixer_1024_20_ks9_p14.in1k,red_central_it,"(14, 3, 224, 224)","(14, 9, 9, 32)",211,250,blocks.12.1,0.8589651153038641,0.14868546316624187,0.06697634868684688
convmixer_1536_20.in1k,red_central_it,"(14, 3, 224, 224)","(14, 9, 9, 32)",211,250,blocks.11.0.fn.2,0.8589651153038641,0.3456568361224508,0.15084514131955656
convmixer_768_32.in1k,red_central_it,"(14, 3, 224, 224)","(14, 9, 9, 32)",211,250,blocks.19.0.fn.0,0.8589651153038641,0.5798306411225992,0.2509237685758479
davit_base.msft_in1k,red_central_it,"(14, 3, 224, 224)","(14, 9, 9, 32)",211,250,stages.2.blocks.1,0.8589651153038641,0.5158514018606828,0.18343943650678615
davit_small.msft_in1k,red_central_it,"(14, 3, 224, 224)","(14, 9, 9, 32)",211,250,stages.2.blocks.3.0.cpe1,0.8589651153038641,0.5390283366333228,0.20978565353176917
davit_tiny.msft_in1k,red_central_it,"(14, 3, 224, 224)","(14, 9, 9, 32)",211,250,stages.2.blocks.1,0.8589651153038641,0.43689719575792885,0.1937493293136584
deit_base_distilled_patch16_224.fb_in1k,red_central_it,"(14, 3, 224, 224)","(14, 9, 9, 32)",211,250,blocks.7.attn.k_norm,0.8589651153038641,0.5259009395262675,0.22697338110616283
deit_base_patch16_224.fb_in1k,red_central_it,"(14, 3, 224, 224)","(14, 9, 9, 32)",211,250,blocks.7.attn.k_norm,0.8589651153038641,0.517535724023151,0.22062955227218384
deit_small_distilled_patch16_224.fb_in1k,red_central_it,"(14, 3, 224, 224)","(14, 9, 9, 32)",211,250,blocks.2.drop_path1,0.8589651153038641,0.5201174777082266,0.18364881740526973
deit_small_patch16_224.fb_in1k,red_central_it,"(14, 3, 224, 224)","(14, 9, 9, 32)",211,250,blocks.1.norm1,0.8589651153038641,0.5105391521703297,0.20034520009778786
deit_tiny_distilled_patch16_224.fb_in1k,red_central_it,"(14, 3, 224, 224)","(14, 9, 9, 32)",211,250,blocks.2,0.8589651153038641,0.5151880191062462,0.20145083429423064
deit_tiny_patch16_224.fb_in1k,red_central_it,"(14, 3, 224, 224)","(14, 9, 9, 32)",211,250,blocks.0.attn,0.8589651153038641,0.5313761380389687,0.2363171341235874
deit3_base_patch16_224.fb_in1k,red_central_it,"(14, 3, 224, 224)","(14, 9, 9, 32)",211,250,blocks.7.attn.k_norm,0.8589651153038641,0.5100261897323518,0.21294858204004122
deit3_base_patch16_224.fb_in22k_ft_in1k,red_central_it,"(14, 3, 224, 224)","(14, 9, 9, 32)",211,250,blocks.4.attn.proj_drop,0.8589651153038641,0.5067088499049093,0.24034321308730147
deit3_medium_patch16_224.fb_in1k,red_central_it,"(14, 3, 224, 224)","(14, 9, 9, 32)",211,250,blocks.7.attn.k_norm,0.8589651153038641,0.5131259269350462,0.20546767025580787
deit3_medium_patch16_224.fb_in22k_ft_in1k,red_central_it,"(14, 3, 224, 224)","(14, 9, 9, 32)",211,250,blocks.3.ls1,0.8589651153038641,0.5318529527324302,0.2265221523356152
deit3_small_patch16_224.fb_in1k,red_central_it,"(14, 3, 224, 224)","(14, 9, 9, 32)",211,250,blocks.7.attn.k_norm,0.8589651153038641,0.5063266679020219,0.20733684804541738
deit3_small_patch16_224.fb_in22k_ft_in1k,red_central_it,"(14, 3, 224, 224)","(14, 9, 9, 32)",211,250,blocks.3.ls1,0.8589651153038641,0.5207321607243082,0.23210425385538055
densenet121.tv_in1k,red_central_it,"(14, 3, 224, 224)","(14, 9, 9, 32)",211,250,features.denseblock3.denselayer17.norm1.drop,0.8589651153038641,0.5166493715136493,0.2748209479008583
densenet161.tv_in1k,red_central_it,"(14, 3, 224, 224)","(14, 9, 9, 32)",211,250,features.denseblock4.denselayer2.norm2.drop,0.8589651153038641,0.5278659817811939,0.23572613390865216
densenet169.tv_in1k,red_central_it,"(14, 3, 224, 224)","(14, 9, 9, 32)",211,250,features.denseblock4.denselayer6.norm2.drop,0.8589651153038641,0.5366940411014078,0.22990308526597705
densenet201.tv_in1k,red_central_it,"(14, 3, 224, 224)","(14, 9, 9, 32)",211,250,features.denseblock4.denselayer4,0.8589651153038641,0.5023819953155368,0.2845540776581883
dla102.in1k,red_central_it,"(14, 3, 224, 224)","(14, 9, 9, 32)",211,250,level4.tree2.tree1.tree1.tree1.bn2,0.8589651153038641,0.5158315489002996,0.2851843445816121
dla169.in1k,red_central_it,"(14, 3, 224, 224)","(14, 9, 9, 32)",211,250,level4.tree2.tree1.tree1.tree1.tree2.conv2,0.8589651153038641,0.48535845979703107,0.2700985353847438
dla34.in1k,red_central_it,"(14, 3, 224, 224)","(14, 9, 9, 32)",211,250,level5.tree1.bn2,0.8589651153038641,0.4547493344498133,0.2396489044561776
dla46_c.in1k,red_central_it,"(14, 3, 224, 224)","(14, 9, 9, 32)",211,250,level4.tree2.tree2.bn2,0.8589651153038641,0.4016639006959868,0.23073087969831194
dla60.in1k,red_central_it,"(14, 3, 224, 224)","(14, 9, 9, 32)",211,250,level4.tree2.tree1.tree2.conv2,0.8589651153038641,0.4424279177909557,0.279547471808176
dpn107.mx_in1k,red_central_it,"(14, 3, 224, 224)","(14, 9, 9, 32)",211,250,features.conv4_13.c1x1_c.bn.drop,0.8589651153038641,0.5724482581315771,0.24587450461162702
dpn131.mx_in1k,red_central_it,"(14, 3, 224, 224)","(14, 9, 9, 32)",211,250,features.conv4_15.c1x1_a,0.8589651153038641,0.5685618023609899,0.2418362908541288
dpn68.mx_in1k,red_central_it,"(14, 3, 224, 224)","(14, 9, 9, 32)",211,250,features.conv4_8.c1x1_c.bn.drop,0.8589651153038641,0.5075747422852452,0.2196114728855192
dpn68b.mx_in1k,red_central_it,"(14, 3, 224, 224)","(14, 9, 9, 32)",211,250,features.conv4_7.c3x3_b,0.8589651153038641,0.49208392366713405,0.22863752244443988
dpn92.mx_in1k,red_central_it,"(14, 3, 224, 224)","(14, 9, 9, 32)",211,250,features.conv4_11.c1x1_a.conv,0.8589651153038641,0.524030188668362,0.24248696354192875
dpn98.mx_in1k,red_central_it,"(14, 3, 224, 224)","(14, 9, 9, 32)",211,250,features.conv4_19.c1x1_a.conv,0.8589651153038641,0.5146464492564115,0.2471597810494448
efficientformer_l1.snap_dist_in1k,red_central_it,"(14, 3, 224, 224)","(14, 9, 9, 32)",211,250,stages.2.blocks.4.token_mixer.pool,0.8589651153038641,0.40708685016580226,0.24538817921822376
efficientformer_l3.snap_dist_in1k,red_central_it,"(14, 3, 224, 224)","(14, 9, 9, 32)",211,250,stages.2.blocks.11.token_mixer.pool,0.8589651153038641,0.4048689093157348,0.25942002473815023
efficientformer_l7.snap_dist_in1k,red_central_it,"(14, 3, 224, 224)","(14, 9, 9, 32)",211,250,stages.3.blocks.3,0.8589651153038641,0.48685890187369835,0.18388298072650136
efficientformerv2_l.snap_dist_in1k,red_central_it,"(14, 3, 224, 224)","(14, 9, 9, 32)",211,250,stages.2.blocks.11.token_mixer.stride_conv.conv,0.8589651153038641,0.5197571931670867,0.18664307691192938
efficientformerv2_s0.snap_dist_in1k,red_central_it,"(14, 3, 224, 224)","(14, 9, 9, 32)",211,250,stages.2.blocks.4.mlp.fc1.bn.drop,0.8589651153038641,0.4683037658705712,0.180071774395253
efficientformerv2_s1.snap_dist_in1k,red_central_it,"(14, 3, 224, 224)","(14, 9, 9, 32)",211,250,stages.3.blocks.0.mlp.mid.bn.act,0.8589651153038641,0.4956408926398801,0.26686806404987246
efficientformerv2_s2.snap_dist_in1k,red_central_it,"(14, 3, 224, 224)","(14, 9, 9, 32)",211,250,stages.2.blocks.10.token_mixer.k.conv,0.8589651153038641,0.5388070761893944,0.2089925652391528
efficientnet_b0.ra_in1k,red_central_it,"(14, 3, 224, 224)","(14, 9, 9, 32)",211,250,blocks.5.1.conv_pwl,0.8589651153038641,0.20162543176598793,0.19122919953345063
efficientnet_es_pruned.in1k,red_central_it,"(14, 3, 224, 224)","(14, 9, 9, 32)",211,250,blocks.4.0.bn2.drop,0.8589651153038641,0.5317215432259976,0.2593123948283537
efficientnet_es.ra_in1k,red_central_it,"(14, 3, 224, 224)","(14, 9, 9, 32)",211,250,blocks.4.0.bn2.drop,0.8589651153038641,0.5084371849174563,0.2730690588390975
efficientnet_lite0.ra_in1k,red_central_it,"(14, 3, 224, 224)","(14, 9, 9, 32)",211,250,blocks.5.0.bn2.drop,0.8589651153038641,0.4348055743071087,0.27763454126887865
focalnet_base_srf.ms_in1k,red_central_it,"(14, 3, 224, 224)","(14, 9, 9, 32)",211,250,layers.2.blocks.7.modulation.focal_layers.1,0.8589651153038641,0.5177815851169911,0.22241822099326217
focalnet_small_srf.ms_in1k,red_central_it,"(14, 3, 224, 224)","(14, 9, 9, 32)",211,250,layers.2.blocks.10.modulation.focal_layers.1,0.8589651153038641,0.536793429239042,0.3020861060532647
focalnet_tiny_srf.ms_in1k,red_central_it,"(14, 3, 224, 224)","(14, 9, 9, 32)",211,250,layers.2.blocks.3.modulation.focal_layers.1,0.8589651153038641,0.541164582825691,0.2742011711793066
focalnet_base_lrf.ms_in1k,red_central_it,"(14, 3, 224, 224)","(14, 9, 9, 32)",211,250,layers.2.blocks.10.modulation.focal_layers.0.0,0.8589651153038641,0.534477384623899,0.22560149874385801
focalnet_small_lrf.ms_in1k,red_central_it,"(14, 3, 224, 224)","(14, 9, 9, 32)",211,250,layers.2.blocks.8.modulation.focal_layers.2.0,0.8589651153038641,0.6105874719844692,0.23777735582070053
focalnet_tiny_lrf.ms_in1k,red_central_it,"(14, 3, 224, 224)","(14, 9, 9, 32)",211,250,layers.2.blocks.2.modulation.h,0.8589651153038641,0.5550487170898989,0.20199201503912553
hrnet_w18_small_v2.ms_in1k,red_central_it,"(14, 3, 224, 224)","(14, 9, 9, 32)",211,250,stage4.1.branches.3.1.aa,0.8589651153038641,0.5136282372872261,0.24985849275860259
hrnet_w18_small.ms_in1k,red_central_it,"(14, 3, 224, 224)","(14, 9, 9, 32)",211,250,stage4.0.branches.3.0.act2,0.8589651153038641,0.46033415426229396,0.25564966328255945
hrnet_w18.ms_in1k,red_central_it,"(14, 3, 224, 224)","(14, 9, 9, 32)",211,250,stage4.0.branches.3.1.bn1,0.8589651153038641,0.5371431251672167,0.22491584433485007
hrnet_w30.ms_in1k,red_central_it,"(14, 3, 224, 224)","(14, 9, 9, 32)",211,250,stage4.0.branches.3.1.bn1,0.8589651153038641,0.5445395339661838,0.23857562762279105
hrnet_w32.ms_in1k,red_central_it,"(14, 3, 224, 224)","(14, 9, 9, 32)",211,250,stage4.0.branches.3.2.drop_block,0.8589651153038641,0.5566283903348764,0.2737293750535705
hrnet_w40.ms_in1k,red_central_it,"(14, 3, 224, 224)","(14, 9, 9, 32)",211,250,stage4.0.branches.3.1.bn1,0.8589651153038641,0.5700635135194737,0.2550317970720289
hrnet_w44.ms_in1k,red_central_it,"(14, 3, 224, 224)","(14, 9, 9, 32)",211,250,stage4.0.branches.3.2.drop_block,0.8589651153038641,0.5779763834932368,0.2647599106337818
hrnet_w48.ms_in1k,red_central_it,"(14, 3, 224, 224)","(14, 9, 9, 32)",211,250,stage4.2.branches.3.3.conv2,0.8589651153038641,0.5204879588920481,0.26304329208480415
lcnet_050.ra2_in1k,red_central_it,"(14, 3, 224, 224)","(14, 9, 9, 32)",211,250,blocks.4.1.conv_dw,0.8589651153038641,0.32827994918475567,0.1978481918491289
lcnet_075.ra2_in1k,red_central_it,"(14, 3, 224, 224)","(14, 9, 9, 32)",211,250,blocks.4.1.conv_dw,0.8589651153038641,0.37108293075055687,0.20270855181205663
lcnet_100.ra2_in1k,red_central_it,"(14, 3, 224, 224)","(14, 9, 9, 32)",211,250,blocks.5.1.bn1,0.8589651153038641,0.4575143018074489,0.19478212283979607
levit_128.fb_dist_in1k,red_central_it,"(14, 3, 224, 224)","(14, 9, 9, 32)",211,250,stages.0.blocks.2.attn.proj.ln,0.8589651153038641,0.4166694892836983,0.2543409990157016
levit_128s.fb_dist_in1k,red_central_it,"(14, 3, 224, 224)","(14, 9, 9, 32)",211,250,stages.0.blocks,0.8589651153038641,0.46668006306446014,0.18814117609233205
levit_192.fb_dist_in1k,red_central_it,"(14, 3, 224, 224)","(14, 9, 9, 32)",211,250,stages.1.blocks.0.attn.proj.ln.linear,0.8589651153038641,0.5010535765998302,0.24360419738149114
levit_256.fb_dist_in1k,red_central_it,"(14, 3, 224, 224)","(14, 9, 9, 32)",211,250,stages.0.blocks,0.8589651153038641,0.46818452073069,0.17406627072066244
levit_384.fb_dist_in1k,red_central_it,"(14, 3, 224, 224)","(14, 9, 9, 32)",211,250,stages.0.blocks.1.attn.proj.ln.linear,0.8589651153038641,0.4914675531801747,0.2251496871647217
maxvit_rmlp_base_rw_224.sw_in12k_ft_in1k,red_central_it,"(14, 3, 224, 224)","(14, 9, 9, 32)",211,250,stages.2.blocks.1.attn_grid.norm2,0.8589651153038641,0.5360072810262968,0.19590237713504005
maxxvitv2_rmlp_base_rw_384.sw_in12k_ft_in1k,red_central_it,"(14, 3, 224, 224)","(14, 9, 9, 32)",211,250,stages.2.blocks.1.attn_grid.norm2,0.8589651153038641,0.5280792352964967,0.20581291994371706
maxvit_rmlp_small_rw_224.sw_in1k,red_central_it,"(14, 3, 224, 224)","(14, 9, 9, 32)",211,250,stages.2.blocks.1.conv.pre_norm.act,0.8589651153038641,0.49946460797938147,0.19549593660524708
maxvit_small_tf_224.in1k,red_central_it,"(14, 3, 224, 224)","(14, 9, 9, 32)",211,250,stages.2.blocks.1.conv.pre_norm.act,0.8589651153038641,0.42028363251655204,0.15868581798390421
maxvit_tiny_rw_224.sw_in1k,red_central_it,"(14, 3, 224, 224)","(14, 9, 9, 32)",211,250,stages.2.blocks.1.conv.pre_norm.act,0.8589651153038641,0.4504407288409902,0.18260910240122613
maxvit_tiny_tf_224.in1k,red_central_it,"(14, 3, 224, 224)","(14, 9, 9, 32)",211,250,stages.2.blocks.2.conv.shortcut,0.8589651153038641,0.45608337976649277,0.1769224518511872
mixnet_l.ft_in1k,red_central_it,"(14, 3, 224, 224)","(14, 9, 9, 32)",211,250,blocks.4.1.conv_dw,0.8589651153038641,0.48014914066229425,0.21824651078345822
mixnet_m.ft_in1k,red_central_it,"(14, 3, 224, 224)","(14, 9, 9, 32)",211,250,blocks.4.1.conv_dw,0.8589651153038641,0.46633548964166943,0.21106050148161348
mixnet_s.ft_in1k,red_central_it,"(14, 3, 224, 224)","(14, 9, 9, 32)",211,250,blocks.4.1.conv_dw,0.8589651153038641,0.5425021478516315,0.23371941157521173
mixnet_xl.ra_in1k,red_central_it,"(14, 3, 224, 224)","(14, 9, 9, 32)",211,250,blocks.4.3.conv_dw.3,0.8589651153038641,0.5254409452570777,0.23711361528890268
mobilenetv2_050.lamb_in1k,red_central_it,"(14, 3, 224, 224)","(14, 9, 9, 32)",211,250,blocks.6.0.conv_pw,0.8589651153038641,0.5343076833228008,0.222056385699092
mobilenetv2_100.ra_in1k,red_central_it,"(14, 3, 224, 224)","(14, 9, 9, 32)",211,250,blocks.5.2.bn2.drop,0.8589651153038641,0.5370774759421154,0.26884854593187707
mobilenetv2_110d.ra_in1k,red_central_it,"(14, 3, 224, 224)","(14, 9, 9, 32)",211,250,blocks.4.3.bn1.drop,0.8589651153038641,0.4243947382346778,0.2378131857069123
mobilenetv2_120d.ra_in1k,red_central_it,"(14, 3, 224, 224)","(14, 9, 9, 32)",211,250,blocks.5.0.bn3.drop,0.8589651153038641,0.4173804028920637,0.2314685256608242
mobilenetv2_140.ra_in1k,red_central_it,"(14, 3, 224, 224)","(14, 9, 9, 32)",211,250,blocks.4.2.bn1.drop,0.8589651153038641,0.4790024854078227,0.2591735951164677
mobilenetv3_large_100.miil_in21k_ft_in1k,red_central_it,"(14, 3, 224, 224)","(14, 9, 9, 32)",211,250,blocks.3.3.bn2.drop,0.8589651153038641,0.31879478461077604,0.18706972529470364
mobilenetv3_large_100.ra_in1k,red_central_it,"(14, 3, 224, 224)","(14, 9, 9, 32)",211,250,blocks.3.3.bn2.drop,0.8589651153038641,0.27762786636460823,0.15870150020099025
mobilenetv3_rw.rmsp_in1k,red_central_it,"(14, 3, 224, 224)","(14, 9, 9, 32)",211,250,blocks.5.2.bn1.act,0.8589651153038641,0.23963646852757692,0.20702168070397484
mobilenetv3_small_075.lamb_in1k,red_central_it,"(14, 3, 224, 224)","(14, 9, 9, 32)",211,250,blocks.4.1,0.8589651153038641,0.3691462679267244,0.2124155305984642
mobilenetv3_small_100.lamb_in1k,red_central_it,"(14, 3, 224, 224)","(14, 9, 9, 32)",211,250,blocks.4.1,0.8589651153038641,0.3358764838043305,0.2396959805812722
mvitv2_base.fb_in1k,red_central_it,"(14, 3, 224, 224)","(14, 9, 9, 32)",211,250,stages.2.blocks.5.attn.norm_q,0.8589651153038641,0.4071501501312782,0.17596162782074476
mvitv2_small.fb_in1k,red_central_it,"(14, 3, 224, 224)","(14, 9, 9, 32)",211,250,stages.2.blocks.5.attn.norm_k,0.8589651153038641,0.5042220858025639,0.18545109671777532
mvitv2_tiny.fb_in1k,red_central_it,"(14, 3, 224, 224)","(14, 9, 9, 32)",211,250,stages.2.blocks.1.norm2,0.8589651153038641,0.5178957292458056,0.2062077750908858
pit_b_224.in1k,red_central_it,"(14, 3, 224, 224)","(14, 9, 9, 32)",211,250,transformers.1.blocks.3,0.8589651153038641,0.47921634739136115,0.21841254180410039
pit_b_distilled_224.in1k,red_central_it,"(14, 3, 224, 224)","(14, 9, 9, 32)",211,250,transformers.1.blocks.1.attn,0.8589651153038641,0.47345060988546744,0.20427340494189097
pit_s_224.in1k,red_central_it,"(14, 3, 224, 224)","(14, 9, 9, 32)",211,250,transformers.1.blocks.1.attn.qkv,0.8589651153038641,0.5353422222373377,0.21186958916808263
pit_s_distilled_224.in1k,red_central_it,"(14, 3, 224, 224)","(14, 9, 9, 32)",211,250,transformers.1.blocks.1.attn.qkv,0.8589651153038641,0.5468680532514524,0.20082469736354663
pit_ti_224.in1k,red_central_it,"(14, 3, 224, 224)","(14, 9, 9, 32)",211,250,transformers.1.blocks.0.attn.q_norm,0.8589651153038641,0.5390804332703887,0.22066490281688866
pit_ti_distilled_224.in1k,red_central_it,"(14, 3, 224, 224)","(14, 9, 9, 32)",211,250,transformers.2.blocks.0.attn,0.8589651153038641,0.4822144918550124,0.23900791511068037
pit_xs_224.in1k,red_central_it,"(14, 3, 224, 224)","(14, 9, 9, 32)",211,250,transformers.1.blocks.0.attn.q_norm,0.8589651153038641,0.5447042845389212,0.2108898254181403
pit_xs_distilled_224.in1k,red_central_it,"(14, 3, 224, 224)","(14, 9, 9, 32)",211,250,transformers.1.blocks.1.mlp.fc1,0.8589651153038641,0.5511602903098206,0.21843905578362896
poolformer_m36.sail_in1k,red_central_it,"(14, 3, 224, 224)","(14, 9, 9, 32)",211,250,stages.2.blocks.5.res_scale1,0.8589651153038641,0.49383342678475617,0.20859838145932044
poolformer_s12.sail_in1k,red_central_it,"(14, 3, 224, 224)","(14, 9, 9, 32)",211,250,stages.2.blocks.3.res_scale1,0.8589651153038641,0.4011370171914094,0.18644231370410694
poolformer_s24.sail_in1k,red_central_it,"(14, 3, 224, 224)","(14, 9, 9, 32)",211,250,stages.2.blocks.4.res_scale1,0.8589651153038641,0.4439860954742003,0.24081512518904002
poolformer_s36.sail_in1k,red_central_it,"(14, 3, 224, 224)","(14, 9, 9, 32)",211,250,stages.2.blocks.5.res_scale1,0.8589651153038641,0.5032625518181874,0.18788455759336387
poolformerv2_m36.sail_in1k,red_central_it,"(14, 3, 224, 224)","(14, 9, 9, 32)",211,250,stages.2.blocks.3.norm2,0.8589651153038641,0.5024843437993934,0.20909436346204063
poolformerv2_s12.sail_in1k,red_central_it,"(14, 3, 224, 224)","(14, 9, 9, 32)",211,250,stages.2.blocks.4,0.8589651153038641,0.4840856317679846,0.2428191731287112
poolformerv2_s24.sail_in1k,red_central_it,"(14, 3, 224, 224)","(14, 9, 9, 32)",211,250,stages.3.blocks.0.norm2,0.8589651153038641,0.5494539652697089,0.2590738807658567
poolformerv2_s36.sail_in1k,red_central_it,"(14, 3, 224, 224)","(14, 9, 9, 32)",211,250,stages.3.blocks.0.norm2,0.8589651153038641,0.5197597386193892,0.22766674707557152
pvt_v2_b0.in1k,red_central_it,"(14, 3, 224, 224)","(14, 9, 9, 32)",211,250,stages.2.blocks.1.norm2,0.8589651153038641,0.3561574049884946,0.16030745082829292
pvt_v2_b1.in1k,red_central_it,"(14, 3, 224, 224)","(14, 9, 9, 32)",211,250,stages.2.blocks.1.norm1,0.8589651153038641,0.4356571602566855,0.1937182210603651
pvt_v2_b2_li.in1k,red_central_it,"(14, 3, 224, 224)","(14, 9, 9, 32)",211,250,stages.2.blocks.4.attn.sr,0.8589651153038641,0.5414488710105791,0.2315952206375201
pvt_v2_b2.in1k,red_central_it,"(14, 3, 224, 224)","(14, 9, 9, 32)",211,250,stages.2.blocks.3.norm2,0.8589651153038641,0.5113201761243954,0.20497263272081703
pvt_v2_b3.in1k,red_central_it,"(14, 3, 224, 224)","(14, 9, 9, 32)",211,250,stages.2.blocks.8.norm2,0.8589651153038641,0.5401797409080813,0.24309926683604263
pvt_v2_b4.in1k,red_central_it,"(14, 3, 224, 224)","(14, 9, 9, 32)",211,250,stages.2.blocks.9.norm1,0.8589651153038641,0.5409226803027337,0.20579091349286305
pvt_v2_b5.in1k,red_central_it,"(14, 3, 224, 224)","(14, 9, 9, 32)",211,250,stages.2.blocks.13.norm1,0.8589651153038641,0.5512246806568237,0.2315608837573964
regnetx_004_tv.tv2_in1k,red_central_it,"(14, 3, 224, 224)","(14, 9, 9, 32)",211,250,s4.b6.conv1.bn.drop,0.8589651153038641,0.45379696793579744,0.2665851745152073
regnetx_008.tv2_in1k,red_central_it,"(14, 3, 224, 224)","(14, 9, 9, 32)",211,250,s3.b5.conv2.bn.drop,0.8589651153038641,0.471086320669929,0.19945694194064242
regnetx_016.tv2_in1k,red_central_it,"(14, 3, 224, 224)","(14, 9, 9, 32)",211,250,s3.b8.drop_path,0.8589651153038641,0.5172005963972743,0.22088779268409633
regnety_004.tv2_in1k,red_central_it,"(14, 3, 224, 224)","(14, 9, 9, 32)",211,250,s4.b2.conv2.bn.drop,0.8589651153038641,0.3825602255259537,0.21895833276138013
regnety_008_tv.tv2_in1k,red_central_it,"(14, 3, 224, 224)","(14, 9, 9, 32)",211,250,s3.b8.drop_path,0.8589651153038641,0.38514840811937384,0.16956597780282753
regnety_016.tv2_in1k,red_central_it,"(14, 3, 224, 224)","(14, 9, 9, 32)",211,250,s3.b9.conv2.bn.drop,0.8589651153038641,0.46675834788603326,0.15842999048611747
repvgg_b0.rvgg_in1k,red_central_it,"(14, 3, 224, 224)","(14, 9, 9, 32)",211,250,stages.2.8.conv_kxk,0.8589651153038641,0.5033117592024703,0.2336348443839239
repvgg_b1.rvgg_in1k,red_central_it,"(14, 3, 224, 224)","(14, 9, 9, 32)",211,250,stages.2.8.attn,0.8589651153038641,0.5495921645027223,0.2530129186392834
repvgg_b1g4.rvgg_in1k,red_central_it,"(14, 3, 224, 224)","(14, 9, 9, 32)",211,250,stages.2.6.conv_kxk.bn.act,0.8589651153038641,0.5416542115059217,0.24194698079031765
repvgg_b2.rvgg_in1k,red_central_it,"(14, 3, 224, 224)","(14, 9, 9, 32)",211,250,stages.2.8.conv_kxk,0.8589651153038641,0.5588436050153268,0.25842083201567423
repvgg_b2g4.rvgg_in1k,red_central_it,"(14, 3, 224, 224)","(14, 9, 9, 32)",211,250,stages.2.8.conv_kxk,0.8589651153038641,0.5442358565859599,0.27059146658476135
repvgg_b3g4.rvgg_in1k,red_central_it,"(14, 3, 224, 224)","(14, 9, 9, 32)",211,250,stages.2.9.conv_kxk.bn.drop,0.8589651153038641,0.5333353561797805,0.24191211297281878
res2net50_14w_8s.in1k,red_central_it,"(14, 3, 224, 224)","(14, 9, 9, 32)",211,250,layer4.1.convs.3,0.8589651153038641,0.48629848629640904,0.28438992473786234
res2net50_26w_4s.in1k,red_central_it,"(14, 3, 224, 224)","(14, 9, 9, 32)",211,250,layer3.4.convs.2,0.8589651153038641,0.4765208900205109,0.2042408589157419
res2net50_26w_6s.in1k,red_central_it,"(14, 3, 224, 224)","(14, 9, 9, 32)",211,250,layer3.3.bns.0,0.8589651153038641,0.4809162614175158,0.23232885554076943
res2net50_26w_8s.in1k,red_central_it,"(14, 3, 224, 224)","(14, 9, 9, 32)",211,250,layer3.4.bns.6,0.8589651153038641,0.49686668371970355,0.19566777841164956
res2net50_48w_2s.in1k,red_central_it,"(14, 3, 224, 224)","(14, 9, 9, 32)",211,250,layer3.0.convs.0,0.8589651153038641,0.11471137747105145,0.14515735004980446
resnest50d_1s4x24d.in1k,red_central_it,"(14, 3, 224, 224)","(14, 9, 9, 32)",211,250,layer4.1.conv2.conv,0.8589651153038641,0.34032413705419357,0.26056636607106026
resnest50d_4s2x40d.in1k,red_central_it,"(14, 3, 224, 224)","(14, 9, 9, 32)",211,250,layer3.3.conv1,0.8589651153038641,0.340015312412409,0.15656000145254687
resnest50d.in1k,red_central_it,"(14, 3, 224, 224)","(14, 9, 9, 32)",211,250,layer3.4.conv1,0.8589651153038641,0.3345785494639618,0.19851864671383462
resnet101.a3_in1k,red_central_it,"(14, 3, 224, 224)","(14, 9, 9, 32)",211,250,layer3.17.bn2,0.8589651153038641,0.5596340189755455,0.24695139484957399
resnet10t.c3_in1k,red_central_it,"(14, 3, 224, 224)","(14, 9, 9, 32)",211,250,layer4.0.downsample,0.8589651153038641,0.34231477883199085,0.19256374799108036
resnet14t.c3_in1k,red_central_it,"(14, 3, 224, 224)","(14, 9, 9, 32)",211,250,layer4.0.drop_block,0.8589651153038641,0.3575987345395405,0.19657837124196806
resnet152.a3_in1k,red_central_it,"(14, 3, 224, 224)","(14, 9, 9, 32)",211,250,layer3.22.act2,0.8589651153038641,0.5129506866929895,0.20944930687889546
resnet18.a3_in1k,red_central_it,"(14, 3, 224, 224)","(14, 9, 9, 32)",211,250,layer3.1.conv1,0.8589651153038641,0.46119441670401917,0.2104448256604595
resnet18.fb_ssl_yfcc100m_ft_in1k,red_central_it,"(14, 3, 224, 224)","(14, 9, 9, 32)",211,250,layer4.0.conv1,0.8589651153038641,0.42886260078533683,0.2563855708899411
resnet18.fb_swsl_ig1b_ft_in1k,red_central_it,"(14, 3, 224, 224)","(14, 9, 9, 32)",211,250,layer4.0.conv1,0.8589651153038641,0.457406128827929,0.20733710932367416
resnet18.tv_in1k,red_central_it,"(14, 3, 224, 224)","(14, 9, 9, 32)",211,250,layer4.0.conv1,0.8589651153038641,0.4497355162491682,0.19083552673413573
resnet34.a3_in1k,red_central_it,"(14, 3, 224, 224)","(14, 9, 9, 32)",211,250,layer3.3.conv2,0.8589651153038641,0.4716112126994192,0.18359979886682315
resnet50.a1h_in1k,red_central_it,"(14, 3, 224, 224)","(14, 9, 9, 32)",211,250,layer3.2.bn2,0.8589651153038641,0.4896820930595937,0.20147490761689116
resnet50.a3_in1k,red_central_it,"(14, 3, 224, 224)","(14, 9, 9, 32)",211,250,layer3.4.conv1,0.8589651153038641,0.45849894757664716,0.212108888986708
resnet50.am_in1k,red_central_it,"(14, 3, 224, 224)","(14, 9, 9, 32)",211,250,layer3.4.conv1,0.8589651153038641,0.40004115030457904,0.20262102394915343
resnet50.tv_in1k,red_central_it,"(14, 3, 224, 224)","(14, 9, 9, 32)",211,250,layer4.0.drop_block,0.8589651153038641,0.34481021214362156,0.20383775596524736
resnet50d.a3_in1k,red_central_it,"(14, 3, 224, 224)","(14, 9, 9, 32)",211,250,layer3.2.bn2,0.8589651153038641,0.49976316936744064,0.23774714529762578
resnetrs50.tf_in1k,red_central_it,"(14, 3, 224, 224)","(14, 9, 9, 32)",211,250,layer3.2.aa,0.8589651153038641,0.4098190797727452,0.23124645619043122
resnet18.gluon_in1k,red_central_it,"(14, 3, 224, 224)","(14, 9, 9, 32)",211,250,layer4.0.conv1,0.8589651153038641,0.37503675639463285,0.2156173979153324
resnet34.gluon_in1k,red_central_it,"(14, 3, 224, 224)","(14, 9, 9, 32)",211,250,layer4.1.conv2,0.8589651153038641,0.4731914662489495,0.2304591673186817
rexnet_100.nav_in1k,red_central_it,"(14, 3, 224, 224)","(14, 9, 9, 32)",211,250,features.13.conv_dw.conv,0.8589651153038641,0.5224301124273606,0.19562430917088786
rexnet_130.nav_in1k,red_central_it,"(14, 3, 224, 224)","(14, 9, 9, 32)",211,250,features.9.conv_dw.bn.drop,0.8589651153038641,0.40453785336919773,0.1694124286181098
rexnet_150.nav_in1k,red_central_it,"(14, 3, 224, 224)","(14, 9, 9, 32)",211,250,features.9.conv_dw.bn.drop,0.8589651153038641,0.45264309388076196,0.17416489780123628
rexnet_200.nav_in1k,red_central_it,"(14, 3, 224, 224)","(14, 9, 9, 32)",211,250,features.8.conv_pwl.bn.act,0.8589651153038641,0.28767624800437835,0.1175901960759714
rexnet_300.nav_in1k,red_central_it,"(14, 3, 224, 224)","(14, 9, 9, 32)",211,250,features.8.conv_pwl.bn.act,0.8589651153038641,0.3553670023829915,0.18378474877697695
skresnet18.ra_in1k,red_central_it,"(14, 3, 224, 224)","(14, 9, 9, 32)",211,250,layer4.1.conv2,0.8589651153038641,0.3142131413216054,0.252253817738596
skresnet34.ra_in1k,red_central_it,"(14, 3, 224, 224)","(14, 9, 9, 32)",211,250,layer3.4.conv1.paths.1.conv,0.8589651153038641,0.5159825056009856,0.25535873338915743
swin_base_patch4_window7_224.ms_in1k,red_central_it,"(14, 3, 224, 224)","(14, 9, 9, 32)",211,250,layers.2.blocks.2,0.8589651153038641,0.38895794721519644,0.19227664678755163
swin_base_patch4_window7_224.ms_in22k_ft_in1k,red_central_it,"(14, 3, 224, 224)","(14, 9, 9, 32)",211,250,layers.2.blocks.9.norm1,0.8589651153038641,0.39192537785901227,0.17969442243601585
swin_s3_base_224.ms_in1k,red_central_it,"(14, 3, 224, 224)","(14, 9, 9, 32)",211,250,layers.2.blocks.9.norm1,0.8589651153038641,0.42518267261209947,0.20711305300931426
swin_s3_small_224.ms_in1k,red_central_it,"(14, 3, 224, 224)","(14, 9, 9, 32)",211,250,layers.2.blocks.5.norm2,0.8589651153038641,0.4197059301387835,0.1729766833030787
swin_s3_tiny_224.ms_in1k,red_central_it,"(14, 3, 224, 224)","(14, 9, 9, 32)",211,250,layers.2.blocks.2,0.8589651153038641,0.43810804756775107,0.21980257636144812
swin_small_patch4_window7_224.ms_in1k,red_central_it,"(14, 3, 224, 224)","(14, 9, 9, 32)",211,250,layers.2.blocks.5.norm2,0.8589651153038641,0.4143355947373066,0.19405319677541377
swin_small_patch4_window7_224.ms_in22k_ft_in1k,red_central_it,"(14, 3, 224, 224)","(14, 9, 9, 32)",211,250,layers.2.blocks.12,0.8589651153038641,0.4130919848626133,0.19072777977946773
swin_tiny_patch4_window7_224.ms_in1k,red_central_it,"(14, 3, 224, 224)","(14, 9, 9, 32)",211,250,layers.2.blocks.2,0.8589651153038641,0.42903840587049025,0.2040014151316949
swin_tiny_patch4_window7_224.ms_in22k_ft_in1k,red_central_it,"(14, 3, 224, 224)","(14, 9, 9, 32)",211,250,layers.2.blocks.2,0.8589651153038641,0.5080043173705618,0.22207039805709214
tresnet_l.miil_in1k,red_central_it,"(14, 3, 224, 224)","(14, 9, 9, 32)",211,250,body.layer3.8.conv2.bn.act,0.8589651153038641,0.4769959182432687,0.21438461317683136
tresnet_m.miil_in1k,red_central_it,"(14, 3, 224, 224)","(14, 9, 9, 32)",211,250,body.layer3.5.conv2.bn.act,0.8589651153038641,0.4652954181231087,0.17746123770170422
tresnet_m.miil_in21k_ft_in1k,red_central_it,"(14, 3, 224, 224)","(14, 9, 9, 32)",211,250,body.layer3.5.conv2.bn.act,0.8589651153038641,0.5203124921160582,0.19938941141380068
tresnet_v2_l.miil_in21k_ft_in1k,red_central_it,"(14, 3, 224, 224)","(14, 9, 9, 32)",211,250,body.layer3.8.conv2.conv,0.8589651153038641,0.5711407303164063,0.2305229479752579
tresnet_xl.miil_in1k,red_central_it,"(14, 3, 224, 224)","(14, 9, 9, 32)",211,250,body.layer3.10.conv1.conv,0.8589651153038641,0.4365598506390817,0.18777634865269083
twins_pcpvt_base.in1k,red_central_it,"(14, 3, 224, 224)","(14, 9, 9, 32)",211,250,blocks.2.2.attn.proj_drop,0.8589651153038641,0.48475051262657015,0.23274153287833926
twins_pcpvt_large.in1k,red_central_it,"(14, 3, 224, 224)","(14, 9, 9, 32)",211,250,blocks.2.3.attn.proj_drop,0.8589651153038641,0.507997326668765,0.23987813964318916
twins_pcpvt_small.in1k,red_central_it,"(14, 3, 224, 224)","(14, 9, 9, 32)",211,250,blocks.2.1.attn.proj_drop,0.8589651153038641,0.43850083542434876,0.20507951187619453
twins_svt_base.in1k,red_central_it,"(14, 3, 224, 224)","(14, 9, 9, 32)",211,250,blocks.2.3.attn.norm,0.8589651153038641,0.5793733099327042,0.2232781929225549
twins_svt_small.in1k,red_central_it,"(14, 3, 224, 224)","(14, 9, 9, 32)",211,250,blocks.2.3.attn.norm,0.8589651153038641,0.5280080108962681,0.22419337662450933
vgg11_bn.tv_in1k,red_central_it,"(14, 3, 224, 224)","(14, 9, 9, 32)",211,250,features.8,0.8589651153038641,0.13028245622437132,0.1227790436571876
vgg11.tv_in1k,red_central_it,"(14, 3, 224, 224)","(14, 9, 9, 32)",211,250,features.18,0.8589651153038641,0.28022811879626863,0.21658336100025122
vgg13_bn.tv_in1k,red_central_it,"(14, 3, 224, 224)","(14, 9, 9, 32)",211,250,features.28,0.8589651153038641,0.31556995806269994,0.2012592380811681
vgg13.tv_in1k,red_central_it,"(14, 3, 224, 224)","(14, 9, 9, 32)",211,250,features.18,0.8589651153038641,0.16384217900069425,0.08954892033812407
vgg16_bn.tv_in1k,red_central_it,"(14, 3, 224, 224)","(14, 9, 9, 32)",211,250,features.38,0.8589651153038641,0.27144739926717154,0.19333162369995913
vgg16.tv_in1k,red_central_it,"(14, 3, 224, 224)","(14, 9, 9, 32)",211,250,features.28,0.8589651153038641,0.2995516726807382,0.23585644103969985
vgg19_bn.tv_in1k,red_central_it,"(14, 3, 224, 224)","(14, 9, 9, 32)",211,250,features.48,0.8589651153038641,0.23503965610894417,0.17370300409783934
vgg19.tv_in1k,red_central_it,"(14, 3, 224, 224)","(14, 9, 9, 32)",211,250,features.28,0.8589651153038641,0.41033469335126294,0.19986859061285445
visformer_small.in1k,red_central_it,"(14, 3, 224, 224)","(14, 9, 9, 32)",211,250,stage2,0.8589651153038641,0.362545168964564,0.1762109506049092
visformer_tiny.in1k,red_central_it,"(14, 3, 224, 224)","(14, 9, 9, 32)",211,250,stage2.1.attn.qkv,0.8589651153038641,0.4789216726262052,0.20024539110032719
vit_base_patch16_224_miil.in21k_ft_in1k,red_central_it,"(14, 3, 224, 224)","(14, 9, 9, 32)",211,250,blocks.2.drop_path1,0.8589651153038641,0.4853666610576271,0.17512112896110082
vit_base_patch16_224.augreg_in1k,red_central_it,"(14, 3, 224, 224)","(14, 9, 9, 32)",211,250,blocks.7.attn.k_norm,0.8589651153038641,0.49893955130313633,0.2169936170976038
vit_base_patch16_224.augreg_in21k_ft_in1k,red_central_it,"(14, 3, 224, 224)","(14, 9, 9, 32)",211,250,blocks.1.norm1,0.8589651153038641,0.5138934714518789,0.21058066354013458
vit_base_patch16_224.augreg2_in21k_ft_in1k,red_central_it,"(14, 3, 224, 224)","(14, 9, 9, 32)",211,250,blocks.1.norm1,0.8589651153038641,0.5020599227003107,0.2059923841465236
vit_base_patch16_224.orig_in21k_ft_in1k,red_central_it,"(14, 3, 224, 224)","(14, 9, 9, 32)",211,250,blocks.1.norm2,0.8589651153038641,0.4699852808874523,0.1869558054641923
vit_base_patch16_224.sam_in1k,red_central_it,"(14, 3, 224, 224)","(14, 9, 9, 32)",211,250,blocks.2.drop_path1,0.8589651153038641,0.5410912567255952,0.19493027965265208
vit_base_patch16_rpn_224.sw_in1k,red_central_it,"(14, 3, 224, 224)","(14, 9, 9, 32)",211,250,blocks.1.attn.q_norm,0.8589651153038641,0.485485480894711,0.21423878297962384
vit_base_patch8_224.augreg_in21k_ft_in1k,red_central_it,"(14, 3, 224, 224)","(14, 9, 9, 32)",211,250,blocks.0.attn,0.8589651153038641,0.5264718115217285,0.2341721893250534
vit_base_patch8_224.augreg2_in21k_ft_in1k,red_central_it,"(14, 3, 224, 224)","(14, 9, 9, 32)",211,250,blocks.0.attn,0.8589651153038641,0.5364386619724053,0.23689928767299565
vit_small_patch16_224.augreg_in1k,red_central_it,"(14, 3, 224, 224)","(14, 9, 9, 32)",211,250,blocks.5.attn.proj,0.8589651153038641,0.5199021269451435,0.19556984507485398
vit_small_patch16_224.augreg_in21k_ft_in1k,red_central_it,"(14, 3, 224, 224)","(14, 9, 9, 32)",211,250,blocks.7.attn.k_norm,0.8589651153038641,0.4962078754317401,0.20526413466849697
vit_srelpos_medium_patch16_224.sw_in1k,red_central_it,"(14, 3, 224, 224)","(14, 9, 9, 32)",211,250,blocks.5.norm2,0.8589651153038641,0.4986922999507997,0.19657116081639311
vit_srelpos_small_patch16_224.sw_in1k,red_central_it,"(14, 3, 224, 224)","(14, 9, 9, 32)",211,250,blocks.4.attn,0.8589651153038641,0.4984634914538027,0.19739186075150247
vit_tiny_patch16_224.augreg_in21k_ft_in1k,red_central_it,"(14, 3, 224, 224)","(14, 9, 9, 32)",211,250,blocks.1.norm2,0.8589651153038641,0.5158075071644485,0.19989645818649543
vit_tiny_r_s16_p8_224.augreg_in21k_ft_in1k,red_central_it,"(14, 3, 224, 224)","(14, 9, 9, 32)",211,250,blocks.2.attn.k_norm,0.8589651153038641,0.5361576918714079,0.20282914033862434
vit_large_patch16_224.augreg_in21k_ft_in1k,red_central_it,"(14, 3, 224, 224)","(14, 9, 9, 32)",211,250,blocks.7.attn.k_norm,0.8589651153038641,0.5215472476980134,0.18539213175918592
vit_large_patch16_384.augreg_in21k_ft_in1k,red_central_it,"(14, 3, 224, 224)","(14, 9, 9, 32)",211,250,blocks.7.attn.k_norm,0.8589651153038641,0.5023857183126462,0.1905649549693118
vit_large_r50_s32_384.augreg_in21k_ft_in1k,red_central_it,"(14, 3, 224, 224)","(14, 9, 9, 32)",211,250,blocks.5.attn.q_norm,0.8589651153038641,0.5528764245447984,0.21067271529871764
vit_medium_patch16_gap_384.sw_in12k_ft_in1k,red_central_it,"(14, 3, 224, 224)","(14, 9, 9, 32)",211,250,blocks.0.attn,0.8589651153038641,0.5322217426197571,0.24580695238895586
vit_relpos_base_patch16_224.sw_in1k,red_central_it,"(14, 3, 224, 224)","(14, 9, 9, 32)",211,250,blocks.7.attn.k_norm,0.8589651153038641,0.41254416175175085,0.15891246653605004
vit_relpos_base_patch16_clsgap_224.sw_in1k,red_central_it,"(14, 3, 224, 224)","(14, 9, 9, 32)",211,250,blocks.6.attn.k_norm,0.8589651153038641,0.47490017214564567,0.21089459513128803
vit_relpos_medium_patch16_224.sw_in1k,red_central_it,"(14, 3, 224, 224)","(14, 9, 9, 32)",211,250,blocks.5.attn.k_norm,0.8589651153038641,0.47439597591360505,0.21232344230812275
vit_relpos_medium_patch16_cls_224.sw_in1k,red_central_it,"(14, 3, 224, 224)","(14, 9, 9, 32)",211,250,blocks.4.attn.k_norm,0.8589651153038641,0.49883802961926743,0.2025084889276102
vit_relpos_medium_patch16_rpn_224.sw_in1k,red_central_it,"(14, 3, 224, 224)","(14, 9, 9, 32)",211,250,blocks.5.attn.proj,0.8589651153038641,0.47885283011897994,0.19583418674600633
vit_relpos_small_patch16_224.sw_in1k,red_central_it,"(14, 3, 224, 224)","(14, 9, 9, 32)",211,250,blocks.5.attn.k_norm,0.8589651153038641,0.46221782289875396,0.1753626206309894
volo_d1_384.sail_in1k,red_central_it,"(14, 3, 224, 224)","(14, 9, 9, 32)",211,250,network.2.0.attn.proj,0.8589651153038641,0.5703599249876037,0.21466042416134593
volo_d2_384.sail_in1k,red_central_it,"(14, 3, 224, 224)","(14, 9, 9, 32)",211,250,network.3.2,0.8589651153038641,0.5449613350494028,0.2398250615340304
volo_d3_224.sail_in1k,red_central_it,"(14, 3, 224, 224)","(14, 9, 9, 32)",211,250,network.2.3.norm1,0.8589651153038641,0.5734740044361648,0.2223303017327669
volo_d4_224.sail_in1k,red_central_it,"(14, 3, 224, 224)","(14, 9, 9, 32)",211,250,network.2.3.norm1,0.8589651153038641,0.5817266451520579,0.20187664420140777
volo_d5_224.sail_in1k,red_central_it,"(14, 3, 224, 224)","(14, 9, 9, 32)",211,250,network.2.7.norm1,0.8589651153038641,0.56984354732268,0.2553644166538843
volo_d1_224.sail_in1k,red_central_it,"(14, 3, 224, 224)","(14, 9, 9, 32)",211,250,network.2.0.attn.proj,0.8589651153038641,0.5829264710652156,0.22539889235627278
volo_d2_224.sail_in1k,red_central_it,"(14, 3, 224, 224)","(14, 9, 9, 32)",211,250,network.2.1.norm1,0.8589651153038641,0.5574235063605191,0.2161514405299627
xcit_medium_24_p8_224.fb_in1k,red_central_it,"(14, 3, 224, 224)","(14, 9, 9, 32)",211,250,blocks.14.norm2,0.8589651153038641,0.5298719727345416,0.22748043657154468
xcit_nano_12_p8_224.fb_in1k,red_central_it,"(14, 3, 224, 224)","(14, 9, 9, 32)",211,250,blocks.4.norm2,0.8589651153038641,0.5297748348230633,0.20876326622281652
xcit_small_12_p8_224.fb_in1k,red_central_it,"(14, 3, 224, 224)","(14, 9, 9, 32)",211,250,blocks.6,0.8589651153038641,0.5085663509901817,0.197833585057559
xcit_small_24_p8_224.fb_in1k,red_central_it,"(14, 3, 224, 224)","(14, 9, 9, 32)",211,250,blocks.14.norm2,0.8589651153038641,0.5344560030206187,0.23226001917583913
xcit_tiny_12_p8_224.fb_in1k,red_central_it,"(14, 3, 224, 224)","(14, 9, 9, 32)",211,250,blocks.3.mlp.fc1,0.8589651153038641,0.5148261014569244,0.20618288044646754
xcit_tiny_24_p8_224.fb_in1k,red_central_it,"(14, 3, 224, 224)","(14, 9, 9, 32)",211,250,blocks.2.norm3,0.8589651153038641,0.5374398357218286,0.206458605966317
convnext_base.fb_in22k_ft_in1k,red_central_it,"(14, 3, 224, 224)","(14, 9, 9, 32)",211,250,stages.2.blocks.4.norm,0.8589651153038641,0.41705012220551557,0.24382317580345894
convnext_base.fb_in22k_ft_in1k_384,red_central_it,"(14, 3, 224, 224)","(14, 9, 9, 32)",211,250,stages.2.blocks.19.norm,0.8589651153038641,0.40974578719593313,0.23423694200956924
convnext_large.fb_in22k_ft_in1k,red_central_it,"(14, 3, 224, 224)","(14, 9, 9, 32)",211,250,stages.2.blocks.14.norm,0.8589651153038641,0.422008633267832,0.21603598730685347
convnext_large.fb_in22k_ft_in1k_384,red_central_it,"(14, 3, 224, 224)","(14, 9, 9, 32)",211,250,stages.2.blocks.19.norm,0.8589651153038641,0.4427267269748798,0.18153327938406003
convnext_small.in12k_ft_in1k_384,red_central_it,"(14, 3, 224, 224)","(14, 9, 9, 32)",211,250,stages.2.blocks.15.shortcut,0.8589651153038641,0.4249347949414804,0.21380559162384138
convnextv2_base.fcmae_ft_in22k_in1k,red_central_it,"(14, 3, 224, 224)","(14, 9, 9, 32)",211,250,stages.2.blocks.9.norm,0.8589651153038641,0.487697678694991,0.2186555789756131
convnextv2_base.fcmae_ft_in22k_in1k_384,red_central_it,"(14, 3, 224, 224)","(14, 9, 9, 32)",211,250,stages.2.blocks.14.norm,0.8589651153038641,0.48321455248310546,0.23202143827268598
convnextv2_large.fcmae_ft_in1k,red_central_it,"(14, 3, 224, 224)","(14, 9, 9, 32)",211,250,stages.2.blocks.14.norm,0.8589651153038641,0.4882935499311334,0.2311276295336357
convnextv2_large.fcmae_ft_in22k_in1k,red_central_it,"(14, 3, 224, 224)","(14, 9, 9, 32)",211,250,stages.2.blocks.9.norm,0.8589651153038641,0.48088241777938495,0.24880589922230675
convnextv2_large.fcmae_ft_in22k_in1k_384,red_central_it,"(14, 3, 224, 224)","(14, 9, 9, 32)",211,250,stages.2.blocks.9.norm,0.8589651153038641,0.48556034685000926,0.22933083641711188
crossvit_9_240.in1k,red_central_it,"(14, 3, 224, 224)","(14, 9, 9, 32)",211,250,blocks.0.blocks.1.2.attn.k_norm,0.8589651153038641,0.5507873004577392,0.22795286473540063
crossvit_tiny_240.in1k,red_central_it,"(14, 3, 224, 224)","(14, 9, 9, 32)",211,250,blocks.0.blocks.1.2.attn.k_norm,0.8589651153038641,0.5267444287886185,0.19273176600906441
tf_mobilenetv3_large_075.in1k,red_central_it,"(14, 3, 224, 224)","(14, 9, 9, 32)",211,250,blocks.3.3.bn2.drop,0.8589651153038641,0.26406617945507377,0.16724272760779985
tf_mobilenetv3_large_minimal_100.in1k,red_central_it,"(14, 3, 224, 224)","(14, 9, 9, 32)",211,250,blocks.5.1.bn2.drop,0.8589651153038641,0.5432345107713064,0.21287183600551243
tf_mobilenetv3_small_075.in1k,red_central_it,"(14, 3, 224, 224)","(14, 9, 9, 32)",211,250,blocks.4.2.conv_pw,0.8589651153038641,0.30216204150514997,0.2227246022810732
tf_mobilenetv3_small_100.in1k,red_central_it,"(14, 3, 224, 224)","(14, 9, 9, 32)",211,250,blocks.4.1,0.8589651153038641,0.3299096289540284,0.22960471689786813
mobilevit_xs.cvnets_in1k,red_central_it,"(14, 3, 224, 224)","(14, 9, 9, 32)",211,250,stages.4.0.conv2_kxk,0.8589651153038641,0.34851813383562813,0.18914156644733973
mobilevit_xxs.cvnets_in1k,red_central_it,"(14, 3, 224, 224)","(14, 9, 9, 32)",211,250,stages.4.1.conv_kxk.bn.drop,0.8589651153038641,0.4312717683725998,0.1760837769309313
mobilevitv2_050.cvnets_in1k,red_central_it,"(14, 3, 224, 224)","(14, 9, 9, 32)",211,250,stages.4.0.conv2_kxk.bn,0.8589651153038641,0.27772427444888637,0.14294990938628577
legacy_seresnet18.in1k,red_central_it,"(14, 3, 224, 224)","(14, 9, 9, 32)",211,250,layer3.0.bn2,0.8589651153038641,0.2957701977242521,0.22950197779738482
legacy_seresnet34.in1k,red_central_it,"(14, 3, 224, 224)","(14, 9, 9, 32)",211,250,layer3.4.bn2,0.8589651153038641,0.4147340782318758,0.18531107922673942
seresnextaa101d_32x8d.sw_in12k_ft_in1k,red_central_it,"(14, 3, 224, 224)","(14, 9, 9, 32)",211,250,layer3.10.act3,0.8589651153038641,0.145098892990002,0.06731309352489717
seresnextaa101d_32x8d.sw_in12k_ft_in1k_288,red_central_it,"(14, 3, 224, 224)","(14, 9, 9, 32)",211,250,layer3.14.bn2,0.8589651153038641,0.149793802254332,0.11889668774575858
semnasnet_075.rmsp_in1k,red_central_it,"(14, 3, 224, 224)","(14, 9, 9, 32)",211,250,blocks.5.2.conv_pwl,0.8589651153038641,0.3079812396124885,0.18726440832352562
mnasnet_100.rmsp_in1k,red_central_it,"(14, 3, 224, 224)","(14, 9, 9, 32)",211,250,blocks.3.2.se,0.8589651153038641,0.3688255012980897,0.21978927150425653
mnasnet_small.lamb_in1k,red_central_it,"(14, 3, 224, 224)","(14, 9, 9, 32)",211,250,blocks.5.2.conv_pw,0.8589651153038641,0.29849681565430247,0.21436608839224486
swinv2_base_window12to16_192to256.ms_in22k_ft_in1k,red_central_it,"(14, 3, 224, 224)","(14, 9, 9, 32)",211,250,layers.2.blocks.7,0.8589651153038641,0.5063137150865809,0.2166894397498811
swinv2_base_window12to24_192to384.ms_in22k_ft_in1k,red_central_it,"(14, 3, 224, 224)","(14, 9, 9, 32)",211,250,layers.2.blocks.8.attn.proj,0.8589651153038641,0.5616618098855218,0.21915135391064403
swinv2_large_window12to16_192to256.ms_in22k_ft_in1k,red_central_it,"(14, 3, 224, 224)","(14, 9, 9, 32)",211,250,layers.2.blocks.6.drop_path1,0.8589651153038641,0.4794299305411916,0.21960771204755541
swinv2_large_window12to24_192to384.ms_in22k_ft_in1k,red_central_it,"(14, 3, 224, 224)","(14, 9, 9, 32)",211,250,layers.2.blocks.8.attn.proj,0.8589651153038641,0.4952199268046423,0.20892256624618247
swinv2_cr_small_224.sw_in1k,red_central_it,"(14, 3, 224, 224)","(14, 9, 9, 32)",211,250,stages.2.blocks.4.norm2,0.8589651153038641,0.3095029145962202,0.14705600347863193
swinv2_cr_small_ns_224.sw_in1k,red_central_it,"(14, 3, 224, 224)","(14, 9, 9, 32)",211,250,stages.2.blocks.6.norm2,0.8589651153038641,0.3558488972912113,0.18532609237116654
swinv2_cr_tiny_ns_224.sw_in1k,red_central_it,"(14, 3, 224, 224)","(14, 9, 9, 32)",211,250,stages.2.blocks.2.norm2,0.8589651153038641,0.22492461185699242,0.17673551360631753
eva_large_patch14_196.in22k_ft_in1k,red_central_it,"(14, 3, 224, 224)","(14, 9, 9, 32)",211,250,blocks.7.attn.k_norm,0.8589651153038641,0.5362658357238848,0.2208361711953753
eva_large_patch14_196.in22k_ft_in22k_in1k,red_central_it,"(14, 3, 224, 224)","(14, 9, 9, 32)",211,250,blocks.7.attn.k_norm,0.8589651153038641,0.5345227898451369,0.21654136306380597
eva_large_patch14_336.in22k_ft_in1k,red_central_it,"(14, 3, 224, 224)","(14, 9, 9, 32)",211,250,blocks.7.attn.k_norm,0.8589651153038641,0.52257642293002,0.2018525017069374
eva_large_patch14_336.in22k_ft_in22k_in1k,red_central_it,"(14, 3, 224, 224)","(14, 9, 9, 32)",211,250,blocks.7.attn.k_norm,0.8589651153038641,0.5287346499675528,0.205539992781027
eva02_base_patch14_448.mim_in22k_ft_in1k,red_central_it,"(14, 3, 224, 224)","(14, 9, 9, 32)",211,250,blocks.0.attn.q_proj,0.8589651153038641,0.5109145789399488,0.2002595600644248
eva02_base_patch14_448.mim_in22k_ft_in22k_in1k,red_central_it,"(14, 3, 224, 224)","(14, 9, 9, 32)",211,250,blocks.0.attn.q_proj,0.8589651153038641,0.5057216863316487,0.20290702516466358
eva02_large_patch14_448.mim_in22k_ft_in1k,red_central_it,"(14, 3, 224, 224)","(14, 9, 9, 32)",211,250,blocks.4.mlp.act,0.8589651153038641,0.27696593926745383,0.1384647583176848
eva02_large_patch14_448.mim_in22k_ft_in22k_in1k,red_central_it,"(14, 3, 224, 224)","(14, 9, 9, 32)",211,250,blocks.4.mlp.act,0.8589651153038641,0.28944829550150003,0.13483448992724467
eva02_large_patch14_448.mim_m38m_ft_in1k,red_central_it,"(14, 3, 224, 224)","(14, 9, 9, 32)",211,250,blocks.4.mlp.act,0.8589651153038641,0.3237279128046565,0.15870081186297627
tinynet_b.in1k,red_central_it,"(14, 3, 224, 224)","(14, 9, 9, 32)",211,250,blocks.5.2.conv_dw,0.8589651153038641,0.6104577986171794,0.24056201414576775
tinynet_c.in1k,red_central_it,"(14, 3, 224, 224)","(14, 9, 9, 32)",211,250,blocks.5.2.conv_dw,0.8589651153038641,0.5475005390331258,0.2445261886943599
edgenext_xx_small.in1k,red_central_it,"(14, 3, 224, 224)","(14, 9, 9, 32)",211,250,stages.1.blocks.1.pos_embd.token_projection,0.8589651153038641,0.581632485770704,0.2205869979494519
ghostnet_100.in1k,red_central_it,"(14, 3, 224, 224)","(14, 9, 9, 32)",211,250,blocks.8.2.ghost1.cheap_operation.1,0.8589651153038641,0.43027563573094135,0.17672718903737386
spnasnet_100.rmsp_in1k,red_central_it,"(14, 3, 224, 224)","(14, 9, 9, 32)",211,250,blocks.4.3.bn2.act,0.8589651153038641,0.4029595571023168,0.23110076526410897
resnet18_l2_eps0.01,red_central_it,"(14, 3, 224, 224)","(14, 9, 9, 32)",211,250,layer3.0.bn2,0.8589651153038641,0.24009122347471198,0.21559310413966423
resnet18_l2_eps0.03,red_central_it,"(14, 3, 224, 224)","(14, 9, 9, 32)",211,250,layer4.1,0.8589651153038641,0.3681154931284448,0.2524979987807002
resnet18_l2_eps0.05,red_central_it,"(14, 3, 224, 224)","(14, 9, 9, 32)",211,250,layer4.1,0.8589651153038641,0.29401629253365547,0.2995070598244345
resnet18_l2_eps0.1,red_central_it,"(14, 3, 224, 224)","(14, 9, 9, 32)",211,250,layer3.0.bn2,0.8589651153038641,0.28439030082154226,0.1758631531570494
resnet18_l2_eps0.25,red_central_it,"(14, 3, 224, 224)","(14, 9, 9, 32)",211,250,layer3.0.bn2,0.8589651153038641,0.24959423479538081,0.21415585594771044
resnet18_l2_eps0.5,red_central_it,"(14, 3, 224, 224)","(14, 9, 9, 32)",211,250,layer4.1,0.8589651153038641,0.2661035477793969,0.21156388883691182
resnet18_l2_eps1,red_central_it,"(14, 3, 224, 224)","(14, 9, 9, 32)",211,250,layer4.1,0.8589651153038641,0.3345347963490066,0.2624567458998853
resnet18_l2_eps3,red_central_it,"(14, 3, 224, 224)","(14, 9, 9, 32)",211,250,layer3.0.bn2,0.8589651153038641,0.32584682229874695,0.1848605129919347
resnet18_l2_eps5,red_central_it,"(14, 3, 224, 224)","(14, 9, 9, 32)",211,250,layer4.1,0.8589651153038641,0.34653868107143787,0.24374808466241416
resnet50_l2_eps0.01,red_central_it,"(14, 3, 224, 224)","(14, 9, 9, 32)",211,250,layer3.3.conv2,0.8589651153038641,0.40671194184676285,0.2277941555410782
resnet50_l2_eps0.03,red_central_it,"(14, 3, 224, 224)","(14, 9, 9, 32)",211,250,layer3.3.conv2,0.8589651153038641,0.4056246742440225,0.26498179113349274
resnet50_l2_eps0.05,red_central_it,"(14, 3, 224, 224)","(14, 9, 9, 32)",211,250,layer3.3.conv2,0.8589651153038641,0.40234304820029254,0.24733861946078892
resnet50_l2_eps0.1,red_central_it,"(14, 3, 224, 224)","(14, 9, 9, 32)",211,250,layer3.3.conv2,0.8589651153038641,0.4215590935952955,0.22771018258575262
resnet50_l2_eps0.25,red_central_it,"(14, 3, 224, 224)","(14, 9, 9, 32)",211,250,layer3.3.conv2,0.8589651153038641,0.39399335125338736,0.25222073746251744
resnet50_l2_eps0.5,red_central_it,"(14, 3, 224, 224)","(14, 9, 9, 32)",211,250,layer3.3.conv2,0.8589651153038641,0.44709331126688706,0.22360597094889048
resnet50_l2_eps1,red_central_it,"(14, 3, 224, 224)","(14, 9, 9, 32)",211,250,layer3.3.conv2,0.8589651153038641,0.39642672204640683,0.22356365489019933
resnet50_l2_eps3,red_central_it,"(14, 3, 224, 224)","(14, 9, 9, 32)",211,250,layer3.3.conv2,0.8589651153038641,0.47069511411706705,0.19324944262814706
resnet50_l2_eps5,red_central_it,"(14, 3, 224, 224)","(14, 9, 9, 32)",211,250,layer3.3.conv2,0.8589651153038641,0.45771403610762124,0.18885739445788374
wide_resnet50_2_l2_eps0.01,red_central_it,"(14, 3, 224, 224)","(14, 9, 9, 32)",211,250,layer3.3.conv2,0.8589651153038641,0.34135568757869506,0.21233728705127386
wide_resnet50_2_l2_eps0.03,red_central_it,"(14, 3, 224, 224)","(14, 9, 9, 32)",211,250,layer3.3.conv2,0.8589651153038641,0.42934679821920574,0.2439460093857985
wide_resnet50_2_l2_eps0.05,red_central_it,"(14, 3, 224, 224)","(14, 9, 9, 32)",211,250,layer3.3.conv2,0.8589651153038641,0.38615612178799047,0.19546277947757404
wide_resnet50_2_l2_eps0.1,red_central_it,"(14, 3, 224, 224)","(14, 9, 9, 32)",211,250,layer3.3.conv2,0.8589651153038641,0.4171853856782951,0.24996805389433588
wide_resnet50_2_l2_eps0.25,red_central_it,"(14, 3, 224, 224)","(14, 9, 9, 32)",211,250,layer3.3.conv2,0.8589651153038641,0.4795167497710342,0.24130474282429182
wide_resnet50_2_l2_eps0.5,red_central_it,"(14, 3, 224, 224)","(14, 9, 9, 32)",211,250,layer3.3.conv2,0.8589651153038641,0.4532620487823877,0.2142937711248666
wide_resnet50_2_l2_eps1,red_central_it,"(14, 3, 224, 224)","(14, 9, 9, 32)",211,250,layer3.3.conv2,0.8589651153038641,0.4429372209831267,0.25407994997334254
wide_resnet50_2_l2_eps3,red_central_it,"(14, 3, 224, 224)","(14, 9, 9, 32)",211,250,layer3.3.conv2,0.8589651153038641,0.45749149079712165,0.2612991724789662
wide_resnet50_2_l2_eps5,red_central_it,"(14, 3, 224, 224)","(14, 9, 9, 32)",211,250,layer3.3.conv2,0.8589651153038641,0.43676272900859403,0.20925814250038524
resnet18_linf_eps0.5,red_central_it,"(14, 3, 224, 224)","(14, 9, 9, 32)",211,250,layer3.0.bn2,0.8589651153038641,0.28885320189071695,0.1868411723996034
resnet18_linf_eps1.0,red_central_it,"(14, 3, 224, 224)","(14, 9, 9, 32)",211,250,layer4.1,0.8589651153038641,0.3448263697364585,0.2743013719203903
resnet18_linf_eps2.0,red_central_it,"(14, 3, 224, 224)","(14, 9, 9, 32)",211,250,layer3.0.bn2,0.8589651153038641,0.3399443728830049,0.18396858327379995
resnet18_linf_eps4.0,red_central_it,"(14, 3, 224, 224)","(14, 9, 9, 32)",211,250,layer3.0.bn2,0.8589651153038641,0.3153702716204804,0.1697296819108108
resnet18_linf_eps8.0,red_central_it,"(14, 3, 224, 224)","(14, 9, 9, 32)",211,250,layer3.0.bn2,0.8589651153038641,0.25989619263728153,0.21878673413230143
resnet50_linf_eps0.5,red_central_it,"(14, 3, 224, 224)","(14, 9, 9, 32)",211,250,layer3.3.conv2,0.8589651153038641,0.42246978301638843,0.23521028346715492
resnet50_linf_eps1.0,red_central_it,"(14, 3, 224, 224)","(14, 9, 9, 32)",211,250,layer3.3.conv2,0.8589651153038641,0.3694328490928238,0.21681632287379038
resnet50_linf_eps2.0,red_central_it,"(14, 3, 224, 224)","(14, 9, 9, 32)",211,250,layer3.3.conv2,0.8589651153038641,0.42695405089972466,0.21464411595877658
resnet50_linf_eps4.0,red_central_it,"(14, 3, 224, 224)","(14, 9, 9, 32)",211,250,layer3.3.conv2,0.8589651153038641,0.39135602821793,0.2147299233317944
resnet50_linf_eps8.0,red_central_it,"(14, 3, 224, 224)","(14, 9, 9, 32)",211,250,layer3.3.conv2,0.8589651153038641,0.4109787573713706,0.20543702863450594
wide_resnet50_2_linf_eps0.5,red_central_it,"(14, 3, 224, 224)","(14, 9, 9, 32)",211,250,layer3.3.conv2,0.8589651153038641,0.4317497207687342,0.208669729423375
wide_resnet50_2_linf_eps1.0,red_central_it,"(14, 3, 224, 224)","(14, 9, 9, 32)",211,250,layer3.3.conv2,0.8589651153038641,0.43948301980031035,0.216242266073305
wide_resnet50_2_linf_eps2.0,red_central_it,"(14, 3, 224, 224)","(14, 9, 9, 32)",211,250,layer3.3.conv2,0.8589651153038641,0.4112128722320034,0.21782328039893498
wide_resnet50_2_linf_eps4.0,red_central_it,"(14, 3, 224, 224)","(14, 9, 9, 32)",211,250,layer3.3.conv2,0.8589651153038641,0.41015031522318574,0.2590046703224817
wide_resnet50_2_linf_eps8.0,red_central_it,"(14, 3, 224, 224)","(14, 9, 9, 32)",211,250,layer3.3.conv2,0.8589651153038641,0.3997190602826481,0.18365259909203382
vit_large_patch14_clip_224.openai_ft_in12k_in1k,red_central_it,"(14, 3, 224, 224)","(14, 9, 9, 32)",211,250,blocks.7.attn.k_norm,0.8589651153038641,0.5327047880379966,0.2160113826697721
vit_large_patch14_clip_224.laion2b_ft_in12k_in1k,red_central_it,"(14, 3, 224, 224)","(14, 9, 9, 32)",211,250,blocks.8.attn.q_norm,0.8589651153038641,0.5110465603971649,0.18998928261060663
vit_large_patch14_clip_224.openai_ft_in1k,red_central_it,"(14, 3, 224, 224)","(14, 9, 9, 32)",211,250,blocks.7.attn.k_norm,0.8589651153038641,0.5292185781165809,0.21523950840137898
vit_large_patch14_clip_224.laion2b_ft_in1k,red_central_it,"(14, 3, 224, 224)","(14, 9, 9, 32)",211,250,blocks.8.attn.q_norm,0.8589651153038641,0.5071978295426142,0.19000575691024982
vit_base_patch16_clip_224.laion2b_ft_in12k_in1k,red_central_it,"(14, 3, 224, 224)","(14, 9, 9, 32)",211,250,blocks.5.attn.proj,0.8589651153038641,0.5291272918573104,0.2539011310450246
vit_base_patch16_clip_224.openai_ft_in12k_in1k,red_central_it,"(14, 3, 224, 224)","(14, 9, 9, 32)",211,250,blocks.4.attn.proj_drop,0.8589651153038641,0.522664477793646,0.2226299981159144
vit_base_patch16_clip_224.laion2b_ft_in1k,red_central_it,"(14, 3, 224, 224)","(14, 9, 9, 32)",211,250,blocks.5.attn.proj,0.8589651153038641,0.5727825218264012,0.22064473136237622
vit_base_patch16_clip_224.openai_ft_in1k,red_central_it,"(14, 3, 224, 224)","(14, 9, 9, 32)",211,250,blocks.4.attn.proj_drop,0.8589651153038641,0.5074429134192802,0.22270153311216903
vit_base_patch32_clip_224.laion2b_ft_in12k_in1k,red_central_it,"(14, 3, 224, 224)","(14, 9, 9, 32)",211,250,blocks.4.attn.proj_drop,0.8589651153038641,0.5348699425881513,0.23180259067977774
vit_base_patch32_clip_224.laion2b_ft_in1k,red_central_it,"(14, 3, 224, 224)","(14, 9, 9, 32)",211,250,blocks.5.attn.proj,0.8589651153038641,0.5246368519684158,0.22002877447938682
vit_base_patch32_clip_224.openai_ft_in1k,red_central_it,"(14, 3, 224, 224)","(14, 9, 9, 32)",211,250,blocks.4.attn.proj_drop,0.8589651153038641,0.5007771244215613,0.23019085794866773
resnet50.dino,red_central_it,"(14, 3, 224, 224)","(14, 9, 9, 32)",211,250,model.layer3.4.bn2,0.8589651153038641,0.4263845740735241,0.21914249455398233
xcit_small_12_p16.dino,red_central_it,"(14, 3, 224, 224)","(14, 9, 9, 32)",211,250,model.pos_embeder,0.8589651153038641,0.5839982863228539,0.22360509236818846
xcit_medium_24_p16.dino,red_central_it,"(14, 3, 224, 224)","(14, 9, 9, 32)",211,250,model.blocks.9.norm1,0.8589651153038641,0.506406474474627,0.2368173271585979
vit_giant_patch14_dinov2.lvd142m,red_central_it,"(14, 3, 224, 224)","(14, 9, 9, 32)",211,250,model.blocks.19.norm2,0.8589651153038641,0.33315104093558495,0.1306150185667118
vit_large_patch14_dinov2.lvd142m,red_central_it,"(14, 3, 224, 224)","(14, 9, 9, 32)",211,250,model.blocks.16.mlp.act,0.8589651153038641,0.3938955728501288,0.17164814603377987
vit_base_patch14_dinov2.lvd142m,red_central_it,"(14, 3, 224, 224)","(14, 9, 9, 32)",211,250,model.blocks.7.attn.proj,0.8589651153038641,0.5336091575073527,0.24569685391839519
vit_small_patch14_dinov2.lvd142m,red_central_it,"(14, 3, 224, 224)","(14, 9, 9, 32)",211,250,model.blocks.4.attn.proj_drop,0.8589651153038641,0.5339229429982999,0.21937362327372556
